#include "right_img.h"

const uint16_t right_img[25600] = {
0x0000, 0x0000, 0x0000, 0x0000, 0x0000, 0x0000, 0x0000, 0x0000, 0x0000, 0x0000, 0x0000, 0x0000,
0x0000, 0x0000, 0x0000, 0x0000, 0x0000, 0x0000, 0x0000, 0x0000, 0x0000, 0x0000, 0x0000, 0x0000,
0x0000, 0x0000, 0x0000, 0x0000, 0x0000, 0x0000, 0x0000, 0x0000, 0x0000, 0x0000, 0x0000, 0x0000,
0x0000, 0x0000, 0x0000, 0x0000, 0x0000, 0x0000, 0x0000, 0x0000, 0x0000, 0x0000, 0x0000, 0x0000,
0x0000, 0x0000, 0x0000, 0x0000, 0x0000, 0x0000, 0x0000, 0x0000, 0x0000, 0x0000, 0x0000, 0x0000,
0x0000, 0x0000, 0x0000, 0x0000, 0x0000, 0x0000, 0x0000, 0x0000, 0x0000, 0x0000, 0x0000, 0x0000,
0x0000, 0x0000, 0x0000, 0x0000, 0x0000, 0x0000, 0x0000, 0x0000, 0x0000, 0x0000, 0x0000, 0x0000,
0x0000, 0x0000, 0x0000, 0x0000, 0x0000, 0x0000, 0x0000, 0x0000, 0x0000, 0x0000, 0x0000, 0x0000,
0x0000, 0x0000, 0x0000, 0x0000, 0x0000, 0x0000, 0x0000, 0x0000, 0x0000, 0x0000, 0x0000, 0x0000,
0x0000, 0x0000, 0x0000, 0x0000, 0x0000, 0x0000, 0x0000, 0x0000, 0x0000, 0x0000, 0x0000, 0x0000,
0x0000, 0x0000, 0x0000, 0x0000, 0x0000, 0x0000, 0x0000, 0x0000, 0x0000, 0x0000, 0x0000, 0x0000,
0x0000, 0x0000, 0x0000, 0x0000, 0x0000, 0x0000, 0x0000, 0x0000, 0x0000, 0x0000, 0x0000, 0x0000,
0x0000, 0x0000, 0x0000, 0x0000, 0x0000, 0x0000, 0x0000, 0x0000, 0x0000, 0x0000, 0x0000, 0x0000,
0x0000, 0x0000, 0x0000, 0x0000, 0x0000, 0x0000, 0x0000, 0x0000, 0x0000, 0x0000, 0x0000, 0x0000,
0x0000, 0x0000, 0x0000, 0x0000, 0x0000, 0x0000, 0x0000, 0x0000, 0x0000, 0x0000, 0x0000, 0x0000,
0x0000, 0x0000, 0x0000, 0x0000, 0x0000, 0x0000, 0x0000, 0x0000, 0x0000, 0x0000, 0x0000, 0x0000,
0x0000, 0x0000, 0x0000, 0x0000, 0x0000, 0x0000, 0x0000, 0x0000, 0x0000, 0x0000, 0x0000, 0x0000,
0x0000, 0x0000, 0x0000, 0x0000, 0x0000, 0x0000, 0x0000, 0x0000, 0x0000, 0x0000, 0x0000, 0x0000,
0x0000, 0x0000, 0x0000, 0x0000, 0x0000, 0x0000, 0x0000, 0x0000, 0x0000, 0x0000, 0x0000, 0x0000,
0x0000, 0x0000, 0x0000, 0x0000, 0x0000, 0x0000, 0x0000, 0x0000, 0x0000, 0x0000, 0x0000, 0x0000,
0x0000, 0x0000, 0x0000, 0x0000, 0x0000, 0x0000, 0x0000, 0x0000, 0x0000, 0x0000, 0x0000, 0x0000,
0x0000, 0x0000, 0x0000, 0x0000, 0x0000, 0x0000, 0x0000, 0x0000, 0x0000, 0x0000, 0x0000, 0x0000,
0x0000, 0x0000, 0x0000, 0x0000, 0x0000, 0x0000, 0x0000, 0x0000, 0x0000, 0x0000, 0x0000, 0x0000,
0x0000, 0x0000, 0x0000, 0x0000, 0x0000, 0x0000, 0x0000, 0x0000, 0x0000, 0x0000, 0x0000, 0x0000,
0x0000, 0x0000, 0x0000, 0x0000, 0x0000, 0x0000, 0x0000, 0x0000, 0x0000, 0x0000, 0x0000, 0x0000,
0x0000, 0x0000, 0x0000, 0x0000, 0x0000, 0x0000, 0x0000, 0x0000, 0x0000, 0x0000, 0x0000, 0x0000,
0x0000, 0x0000, 0x0000, 0x0000, 0x0000, 0x0000, 0x0000, 0x0000, 0x0000, 0x0000, 0x0000, 0x0000,
0x0000, 0x0000, 0x0000, 0x0000, 0x0000, 0x0000, 0x0000, 0x0000, 0x0000, 0x0000, 0x0000, 0x0000,
0x0000, 0x0000, 0x0000, 0x0000, 0x0000, 0x0000, 0x0000, 0x0000, 0x0000, 0x0000, 0x0000, 0x0000,
0x0000, 0x0000, 0x0000, 0x0000, 0x0000, 0x0000, 0x0000, 0x0000, 0x0000, 0x0000, 0x0000, 0x0000,
0x0000, 0x0000, 0x0000, 0x0000, 0x0000, 0x0000, 0x0000, 0x0000, 0x0000, 0x0000, 0x0000, 0x0000,
0x0000, 0x0000, 0x0000, 0x0000, 0x0000, 0x0000, 0x0000, 0x0000, 0x0000, 0x0000, 0x0000, 0x0000,
0x0000, 0x0000, 0x0000, 0x0000, 0x0000, 0x0000, 0x0000, 0x0000, 0x0000, 0x0000, 0x0000, 0x0000,
0x0000, 0x0000, 0x0000, 0x0000, 0x0000, 0x0000, 0x0000, 0x0000, 0x0000, 0x0000, 0x0000, 0x0000,
0x0000, 0x0000, 0x0000, 0x0000, 0x0000, 0x0000, 0x0000, 0x0000, 0x0000, 0x0000, 0x0000, 0x0000,
0x0000, 0x0000, 0x0000, 0x0000, 0x0000, 0x0000, 0x0000, 0x0000, 0x0000, 0x0000, 0x0000, 0x0000,
0x0000, 0x0000, 0x0000, 0x0000, 0x0000, 0x0000, 0x0000, 0x0000, 0x0000, 0x0000, 0x0000, 0x0000,
0x0000, 0x0000, 0x0000, 0x0000, 0x0000, 0x0000, 0x0000, 0x0000, 0x0000, 0x0000, 0x0000, 0x0000,
0x0000, 0x0000, 0x0000, 0x0000, 0x0000, 0x0000, 0x0000, 0x0000, 0x0000, 0x0000, 0x0000, 0x0000,
0x0000, 0x0000, 0x0000, 0x0000, 0x0000, 0x0000, 0x0000, 0x0000, 0x0000, 0x0000, 0x0000, 0x0000,
0x0000, 0x0000, 0x0000, 0x0000, 0x0000, 0x0000, 0x0000, 0x0000, 0x0000, 0x0000, 0x0000, 0x0000,
0x0000, 0x0000, 0x0000, 0x0000, 0x0000, 0x0000, 0x0000, 0x0000, 0x0000, 0x0000, 0x0000, 0x0000,
0x0000, 0x0000, 0x0000, 0x0000, 0x0000, 0x0000, 0x0000, 0x0000, 0x0000, 0x0000, 0x0000, 0x0000,
0x0000, 0x0000, 0x0000, 0x0000, 0x0000, 0x0000, 0x0000, 0x0000, 0x0000, 0x0000, 0x0000, 0x0000,
0x0000, 0x0000, 0x0000, 0x0000, 0x0000, 0x0000, 0x0000, 0x0000, 0x0000, 0x0000, 0x0000, 0x0000,
0x0000, 0x0000, 0x0000, 0x0000, 0x0000, 0x0000, 0x0000, 0x0000, 0x0000, 0x0000, 0x0000, 0x0000,
0x0000, 0x0000, 0x0000, 0x0000, 0x0000, 0x0000, 0x0000, 0x0000, 0x0000, 0x0000, 0x0000, 0x0000,
0x0000, 0x0000, 0x0000, 0x0000, 0x0000, 0x0000, 0x0000, 0x0000, 0x0000, 0x0000, 0x0000, 0x0000,
0x0000, 0x0000, 0x0000, 0x0000, 0x0000, 0x0000, 0x0000, 0x0000, 0x0000, 0x0000, 0x0000, 0x0000,
0x0000, 0x0000, 0x0000, 0x0000, 0x0000, 0x0000, 0x0000, 0x0000, 0x0000, 0x0000, 0x0000, 0x0000,
0x0000, 0x0000, 0x0000, 0x0000, 0x0000, 0x0000, 0x0000, 0x0000, 0x0000, 0x0000, 0x0000, 0x0000,
0x0000, 0x0000, 0x0000, 0x0000, 0x0000, 0x0000, 0x0000, 0x0000, 0x0000, 0x0000, 0x0000, 0x0000,
0x0000, 0x0000, 0x0000, 0x0000, 0x0000, 0x0000, 0x0000, 0x0000, 0x0000, 0x0000, 0x0000, 0x0000,
0x0000, 0x0000, 0x0000, 0x0000, 0x0000, 0x0000, 0x0000, 0x0000, 0x0000, 0x0000, 0x0000, 0x0000,
0x0000, 0x0000, 0x0000, 0x0000, 0x0000, 0x0000, 0x0000, 0x0000, 0x0000, 0x0000, 0x0000, 0x0000,
0x0000, 0x0000, 0x0000, 0x0000, 0x0000, 0x0000, 0x0000, 0x0000, 0x0000, 0x0000, 0x0000, 0x0000,
0x0000, 0x0000, 0x0000, 0x0000, 0x0000, 0x0000, 0x0000, 0x0000, 0x0000, 0x0000, 0x0000, 0x0000,
0x0000, 0x0000, 0x0000, 0x0000, 0x0000, 0x0000, 0x0000, 0x0000, 0x0000, 0x0000, 0x0000, 0x0000,
0x0000, 0x0000, 0x0000, 0x0000, 0x0000, 0x0000, 0x0000, 0x0000, 0x0000, 0x0000, 0x0000, 0x0000,
0x0000, 0x0000, 0x0000, 0x0000, 0x0000, 0x0000, 0x0000, 0x0000, 0x0000, 0x0000, 0x0000, 0x0000,
0x0000, 0x0000, 0x0000, 0x0000, 0x0000, 0x0000, 0x0000, 0x0000, 0x0000, 0x0000, 0x0000, 0x0000,
0x0000, 0x0000, 0x0000, 0x0000, 0x0000, 0x0000, 0x0000, 0x0000, 0x0000, 0x0000, 0x0000, 0x0000,
0x0000, 0x0000, 0x0000, 0x0000, 0x0000, 0x0000, 0x0000, 0x0000, 0x0000, 0x0000, 0x0000, 0x0000,
0x0000, 0x0000, 0x0000, 0x0000, 0x0000, 0x0000, 0x0000, 0x0000, 0x0000, 0x0000, 0x0000, 0x0000,
0x0000, 0x0000, 0x0000, 0x0000, 0x0000, 0x0000, 0x0000, 0x0000, 0x0000, 0x0000, 0x0000, 0x0000,
0x0000, 0x0000, 0x0000, 0x0000, 0x0000, 0x0000, 0x0000, 0x0000, 0x0000, 0x0000, 0x0000, 0x0000,
0x0000, 0x0000, 0x0000, 0x0000, 0x0000, 0x0000, 0x0000, 0x0000, 0x0000, 0x0000, 0x0000, 0x0000,
0x0000, 0x0000, 0x0000, 0x0000, 0x0000, 0x0000, 0x0000, 0x0000, 0x0000, 0x0000, 0x0000, 0x0000,
0x0000, 0x0000, 0x0000, 0x0000, 0x0000, 0x0000, 0x0000, 0x0000, 0x0000, 0x0000, 0x0000, 0x0000,
0x0000, 0x0000, 0x0000, 0x0000, 0x0000, 0x0000, 0x0000, 0x0000, 0x0000, 0x0000, 0x0000, 0x0000,
0x0000, 0x0000, 0x0000, 0x0000, 0x0000, 0x0000, 0x0000, 0x0000, 0x0000, 0x0000, 0x0000, 0x0000,
0x0000, 0x0000, 0x0000, 0x0000, 0x0000, 0x0000, 0x0000, 0x0000, 0x0000, 0x0000, 0x0000, 0x0000,
0x0000, 0x0000, 0x0000, 0x0000, 0x0000, 0x0000, 0x0000, 0x0000, 0x0000, 0x0000, 0x0000, 0x0000,
0x0000, 0x0000, 0x0000, 0x0000, 0x0000, 0x0000, 0x0000, 0x0000, 0x0000, 0x0000, 0x0000, 0x0000,
0x0000, 0x0000, 0x0000, 0x0000, 0x0000, 0x0000, 0x0000, 0x0000, 0x0000, 0x0000, 0x0000, 0x0000,
0x0000, 0x0000, 0x0000, 0x0000, 0x0000, 0x0000, 0x0000, 0x0000, 0x0000, 0x0000, 0x0000, 0x0000,
0x0000, 0x0000, 0x0000, 0x0000, 0x0000, 0x0000, 0x0000, 0x0000, 0x0000, 0x0000, 0x0000, 0x0000,
0x0000, 0x0000, 0x0000, 0x0000, 0x0000, 0x0000, 0x0000, 0x0000, 0x0000, 0x0000, 0x0000, 0x0000,
0x0000, 0x0000, 0x0000, 0x0000, 0x0000, 0x0000, 0x0000, 0x0000, 0x0000, 0x0000, 0x0000, 0x0000,
0x0000, 0x0000, 0x0000, 0x0000, 0x0000, 0x0000, 0x0000, 0x0000, 0x0000, 0x0000, 0x0000, 0x0000,
0x0000, 0x0000, 0x0000, 0x0000, 0x0000, 0x0000, 0x0000, 0x0000, 0x0000, 0x0000, 0x0000, 0x0000,
0x0000, 0x0000, 0x0000, 0x0000, 0x0000, 0x0000, 0x0000, 0x0000, 0x0000, 0x0000, 0x0000, 0x0000,
0x0000, 0x0000, 0x0000, 0x0000, 0x0000, 0x0000, 0x0000, 0x0000, 0x0000, 0x0000, 0x0000, 0x0000,
0x0000, 0x0000, 0x0000, 0x0000, 0x0000, 0x0000, 0x0000, 0x0000, 0x0000, 0x0000, 0x0000, 0x0000,
0x0000, 0x0000, 0x0000, 0x0000, 0x0000, 0x0000, 0x0000, 0x0000, 0x0000, 0x0000, 0x0000, 0x0000,
0x0000, 0x0000, 0x0000, 0x0000, 0x0000, 0x0000, 0x0000, 0x0000, 0x0000, 0x0000, 0x0000, 0x0000,
0x0000, 0x0000, 0x0000, 0x0000, 0x0000, 0x0000, 0x0000, 0x0000, 0x0000, 0x0000, 0x0000, 0x0000,
0x0000, 0x0000, 0x0000, 0x0000, 0x0000, 0x0000, 0x0000, 0x0000, 0x0000, 0x0000, 0x0000, 0x0000,
0x0000, 0x0000, 0x0000, 0x0000, 0x0000, 0x0000, 0x0000, 0x0000, 0x0000, 0x0000, 0x0000, 0x0000,
0x0000, 0x0000, 0x0000, 0x0000, 0x0000, 0x0000, 0x0000, 0x0000, 0x0000, 0x0000, 0x0000, 0x0000,
0x0000, 0x0000, 0x0000, 0x0000, 0x0000, 0x0000, 0x0000, 0x0000, 0x0000, 0x0000, 0x0000, 0x0000,
0x0000, 0x0000, 0x0000, 0x0000, 0x0000, 0x0000, 0x0000, 0x0000, 0x0000, 0x0000, 0x0000, 0x0000,
0x0000, 0x0000, 0x0000, 0x0000, 0x0000, 0x0000, 0x0000, 0x0000, 0x0000, 0x0000, 0x0000, 0x0000,
0x0000, 0x0000, 0x0000, 0x0000, 0x0000, 0x0000, 0x0000, 0x0000, 0x0000, 0x0000, 0x0000, 0x0000,
0x0000, 0x0000, 0x0000, 0x0000, 0x0000, 0x0000, 0x0000, 0x0000, 0x0000, 0x0000, 0x0000, 0x0000,
0x0000, 0x0000, 0x0000, 0x0000, 0x0000, 0x0000, 0x0000, 0x0000, 0x0000, 0x0000, 0x0000, 0x0000,
0x0000, 0x0000, 0x0000, 0x0000, 0x0000, 0x0000, 0x0000, 0x0000, 0x0000, 0x0000, 0x0000, 0x0000,
0x0000, 0x0000, 0x0000, 0x0000, 0x0000, 0x0000, 0x0000, 0x0000, 0x0000, 0x0000, 0x0000, 0x0000,
0x0000, 0x0000, 0x0000, 0x0000, 0x0000, 0x0000, 0x0000, 0x0000, 0x0000, 0x0000, 0x0000, 0x0000,
0x0000, 0x0000, 0x0000, 0x0000, 0x0000, 0x0000, 0x0000, 0x0000, 0x0000, 0x0000, 0x0000, 0x0000,
0x0000, 0x0000, 0x0000, 0x0000, 0x0000, 0x0000, 0x0000, 0x0000, 0x0000, 0x0000, 0x0000, 0x0000,
0x0000, 0x0000, 0x0000, 0x0000, 0x0000, 0x0000, 0x0000, 0x0000, 0x0000, 0x0000, 0x0000, 0x0000,
0x0000, 0x0000, 0x0000, 0x0000, 0x0000, 0x0000, 0x0000, 0x0000, 0x0000, 0x0000, 0x0000, 0x0000,
0x0000, 0x0000, 0x0000, 0x0000, 0x0000, 0x0000, 0x0000, 0x0000, 0x0000, 0x0000, 0x0000, 0x0000,
0x0000, 0x0000, 0x0000, 0x0000, 0x0000, 0x0000, 0x0000, 0x0000, 0x0000, 0x0000, 0x0000, 0x0000,
0x0000, 0x0000, 0x0000, 0x0000, 0x0000, 0x0000, 0x0000, 0x0000, 0x0000, 0x0000, 0x0000, 0x0000,
0x0000, 0x0000, 0x0000, 0x0000, 0x0000, 0x0000, 0x0000, 0x0000, 0x0000, 0x0000, 0x0000, 0x0000,
0x0000, 0x0000, 0x0000, 0x0000, 0x0000, 0x0000, 0x0000, 0x0000, 0x0000, 0x0000, 0x0000, 0x0000,
0x0000, 0x0000, 0x0000, 0x0000, 0x0000, 0x0000, 0x0000, 0x0000, 0x0000, 0x0000, 0x0000, 0x0000,
0x0000, 0x0000, 0x0000, 0x0000, 0x0000, 0x0000, 0x0000, 0x0000, 0x0000, 0x0000, 0x0000, 0x0000,
0x0000, 0x0000, 0x0000, 0x0000, 0x0000, 0x0000, 0x0000, 0x0000, 0x0000, 0x0000, 0x0000, 0x0000,
0x0000, 0x0000, 0x0000, 0x0000, 0x0000, 0x0000, 0x0000, 0x0000, 0x0000, 0x0000, 0x0000, 0x0000,
0x0000, 0x0000, 0x0000, 0x0000, 0x0000, 0x0000, 0x0000, 0x0000, 0x0000, 0x0000, 0x0000, 0x0000,
0x0000, 0x0000, 0x0000, 0x0000, 0x0000, 0x0000, 0x0000, 0x0000, 0x0000, 0x0000, 0x0000, 0x0000,
0x0000, 0x0000, 0x0000, 0x0000, 0x0000, 0x0000, 0x0000, 0x0000, 0x0000, 0x0000, 0x0000, 0x0000,
0x0000, 0x0000, 0x0000, 0x0000, 0x0000, 0x0000, 0x0000, 0x0000, 0x0000, 0x0000, 0x0000, 0x0000,
0x0000, 0x0000, 0x0000, 0x0000, 0x0000, 0x0000, 0x0000, 0x0000, 0x0000, 0x0000, 0x0000, 0x0000,
0x0000, 0x0000, 0x0000, 0x0000, 0x0000, 0x0000, 0x0000, 0x0000, 0x0000, 0x0000, 0x0000, 0x0000,
0x0000, 0x0000, 0x0000, 0x0000, 0x0000, 0x0000, 0x0000, 0x0000, 0x0000, 0x0000, 0x0000, 0x0000,
0x0000, 0x0000, 0x0000, 0x0000, 0x0000, 0x0000, 0x0000, 0x0000, 0x0000, 0x0000, 0x0000, 0x0000,
0x0000, 0x0000, 0x0000, 0x0000, 0x0000, 0x0000, 0x0000, 0x0000, 0x0000, 0x0000, 0x0000, 0x0000,
0x0000, 0x0000, 0x0000, 0x0000, 0x0000, 0x0000, 0x0000, 0x0000, 0x0000, 0x0000, 0x0000, 0x0000,
0x0000, 0x0000, 0x0000, 0x0000, 0x0000, 0x0000, 0x0000, 0x0000, 0x0000, 0x0000, 0x0000, 0x0000,
0x0000, 0x0000, 0x0000, 0x0000, 0x0000, 0x0000, 0x0000, 0x0000, 0x0000, 0x0000, 0x0000, 0x0000,
0x0000, 0x0000, 0x0000, 0x0000, 0x0000, 0x0000, 0x0000, 0x0000, 0x0000, 0x0000, 0x0000, 0x0000,
0x0000, 0x0000, 0x0000, 0x0000, 0x0000, 0x0000, 0x0000, 0x0000, 0x0000, 0x0000, 0x0000, 0x0000,
0x0000, 0x0000, 0x0000, 0x0000, 0x0000, 0x0000, 0x0000, 0x0000, 0x0000, 0x0000, 0x0000, 0x0000,
0x0000, 0x0000, 0x0000, 0x0000, 0x0000, 0x0000, 0x0000, 0x0000, 0x0000, 0x0000, 0x0000, 0x0000,
0x0000, 0x0000, 0x0000, 0x0000, 0x0000, 0x0000, 0x0000, 0x0000, 0x0000, 0x0000, 0x0000, 0x0000,
0x0000, 0x0000, 0x0000, 0x0000, 0x0000, 0x0000, 0x0000, 0x0000, 0x0000, 0x0000, 0x0000, 0x0000,
0x0000, 0x0000, 0x0000, 0x0000, 0x0000, 0x0000, 0x0000, 0x0000, 0x0000, 0x0000, 0x0000, 0x0000,
0x0000, 0x0000, 0x0000, 0x0000, 0x0000, 0x0000, 0x0000, 0x0000, 0x0000, 0x0000, 0x0000, 0x0000,
0x0000, 0x0000, 0x0000, 0x0000, 0x0000, 0x0000, 0x0000, 0x0000, 0x0000, 0x0000, 0x0000, 0x0000,
0x0000, 0x0000, 0x0000, 0x0000, 0x0000, 0x0000, 0x0000, 0x0000, 0x0000, 0x0000, 0x0000, 0x0000,
0x0000, 0x0000, 0x0000, 0x0000, 0x0000, 0x0000, 0x0000, 0x0000, 0x0000, 0x0000, 0x0000, 0x0000,
0x0000, 0x0000, 0x0000, 0x0000, 0x0000, 0x0000, 0x0000, 0x0000, 0x0000, 0x0000, 0x0000, 0x0000,
0x0000, 0x0000, 0x0000, 0x0000, 0x0000, 0x0000, 0x0000, 0x0000, 0x0000, 0x0000, 0x0000, 0x0000,
0x0000, 0x0000, 0x0000, 0x0000, 0x0000, 0x0000, 0x0000, 0x0000, 0x0000, 0x0000, 0x0000, 0x0000,
0x0000, 0x0000, 0x0000, 0x0000, 0x0000, 0x0000, 0x0000, 0x0000, 0x0000, 0x0000, 0x0000, 0x0000,
0x0000, 0x0000, 0x0000, 0x0000, 0x0000, 0x0000, 0x0000, 0x0000, 0x0000, 0x0000, 0x0000, 0x0000,
0x0000, 0x0000, 0x0000, 0x0000, 0x0000, 0x0000, 0x0000, 0x0000, 0x0000, 0x0000, 0x0000, 0x0000,
0x0000, 0x0000, 0x0000, 0x0000, 0x0000, 0x0000, 0x0000, 0x0000, 0x0000, 0x0000, 0x0000, 0x0000,
0x0000, 0x0000, 0x0000, 0x0000, 0x0000, 0x0000, 0x0000, 0x0000, 0x0000, 0x0000, 0x0000, 0x0000,
0x0000, 0x0000, 0x0000, 0x0000, 0x0000, 0x0000, 0x0000, 0x0000, 0x0000, 0x0000, 0x0000, 0x0000,
0x0000, 0x0000, 0x0000, 0x0000, 0x0000, 0x0000, 0x0000, 0x0000, 0x0000, 0x0000, 0x0000, 0x0000,
0x0000, 0x0000, 0x0000, 0x0000, 0x0000, 0x0000, 0x0000, 0x0000, 0x0000, 0x0000, 0x0000, 0x0000,
0x0000, 0x0000, 0x0000, 0x0000, 0x0000, 0x0000, 0x0000, 0x0000, 0x0000, 0x0000, 0x0000, 0x0000,
0x0000, 0x0000, 0x0000, 0x0000, 0x0000, 0x0000, 0x0000, 0x0000, 0x0000, 0x0000, 0x0000, 0x0000,
0x0000, 0x0000, 0x0000, 0x0000, 0x0000, 0x0000, 0x0000, 0x0000, 0x0000, 0x0000, 0x0000, 0x0000,
0x0000, 0x0000, 0x0000, 0x0000, 0x0000, 0x0000, 0x0000, 0x0000, 0x0000, 0x0000, 0x0000, 0x0000,
0x0000, 0x0000, 0x0000, 0x0000, 0x0000, 0x0000, 0x0000, 0x0000, 0x0000, 0x0000, 0x0000, 0x0000,
0x0000, 0x0000, 0x0000, 0x0000, 0x0000, 0x0000, 0x0000, 0x0000, 0x0000, 0x0000, 0x0000, 0x0000,
0x0000, 0x0000, 0x0000, 0x0000, 0x0000, 0x0000, 0x0000, 0x0000, 0x0000, 0x0000, 0x0000, 0x0000,
0x0000, 0x0000, 0x0000, 0x0000, 0x0000, 0x0000, 0x0000, 0x0000, 0x0000, 0x0000, 0x0000, 0x0000,
0x0000, 0x0000, 0x0000, 0x0000, 0x0000, 0x0000, 0x0000, 0x0000, 0x0000, 0x0000, 0x0000, 0x0000,
0x0000, 0x0000, 0x0000, 0x0000, 0x0000, 0x0000, 0x0000, 0x0000, 0x0000, 0x0000, 0x0000, 0x0000,
0x0000, 0x0000, 0x0000, 0x0000, 0x0000, 0x0000, 0x0000, 0x0000, 0x0000, 0x0000, 0x0000, 0x0000,
0x0000, 0x0000, 0x0000, 0x0000, 0x0000, 0x0000, 0x0000, 0x0000, 0x0000, 0x0000, 0x0000, 0x0000,
0x0000, 0x0000, 0x0000, 0x0000, 0x0000, 0x0000, 0x0000, 0x0000, 0x0000, 0x0000, 0x0000, 0x0000,
0x0000, 0x0000, 0x0000, 0x0000, 0x0000, 0x0000, 0x0000, 0x0000, 0x0000, 0x0000, 0x0000, 0x0000,
0x0000, 0x0000, 0x0000, 0x0000, 0x0000, 0x0000, 0x0000, 0x0000, 0x0000, 0x0000, 0x0000, 0x0000,
0x0000, 0x0000, 0x0000, 0x0000, 0x0000, 0x0000, 0x0000, 0x0000, 0x0000, 0x0000, 0x0000, 0x0000,
0x0000, 0x0000, 0x0000, 0x0000, 0x0000, 0x0000, 0x0000, 0x0000, 0x0000, 0x0000, 0x0000, 0x0000,
0x0000, 0x0000, 0x0000, 0x0000, 0x0000, 0x0000, 0x0000, 0x0000, 0x0000, 0x0000, 0x0000, 0x0000,
0x0000, 0x0000, 0x0000, 0x0000, 0x0000, 0x0000, 0x0000, 0x0000, 0x0000, 0x0000, 0x0000, 0x0000,
0x0000, 0x0000, 0x0000, 0x0000, 0x0000, 0x0000, 0x0000, 0x0000, 0x0000, 0x0000, 0x0000, 0x0000,
0x0000, 0x0000, 0x0000, 0x0000, 0x0000, 0x0000, 0x0000, 0x0000, 0x0000, 0x0000, 0x0000, 0x0000,
0x0000, 0x0000, 0x0000, 0x0000, 0x0000, 0x0000, 0x0000, 0x0000, 0x0000, 0x0000, 0x0000, 0x0000,
0x0000, 0x0000, 0x0000, 0x0000, 0x0000, 0x0000, 0x0000, 0x0000, 0x0000, 0x0000, 0x0000, 0x0000,
0x0000, 0x0000, 0x0000, 0x0000, 0x0000, 0x0000, 0x0000, 0x0000, 0x0000, 0x0000, 0x0000, 0x0000,
0x0000, 0x0000, 0x0000, 0x0000, 0x0000, 0x0000, 0x0000, 0x0000, 0x0000, 0x0000, 0x0000, 0x0000,
0x0000, 0x0000, 0x0000, 0x0000, 0x0000, 0x0000, 0x0000, 0x0000, 0x0000, 0x0000, 0x0000, 0x0000,
0x0000, 0x0000, 0x0000, 0x0000, 0x0000, 0x0000, 0x0000, 0x0000, 0x0000, 0x0000, 0x0000, 0x0000,
0x0000, 0x0000, 0x0000, 0x0000, 0x0000, 0x0000, 0x0000, 0x0000, 0x0000, 0x0000, 0x0000, 0x0000,
0x0000, 0x0000, 0x0000, 0x0000, 0x0000, 0x0000, 0x0000, 0x0000, 0x0000, 0x0000, 0x0000, 0x0000,
0x0000, 0x0000, 0x0000, 0x0000, 0x0000, 0x0000, 0x0000, 0x0000, 0x0000, 0x0000, 0x0000, 0x0000,
0x0000, 0x0000, 0x0000, 0x0000, 0x0000, 0x0000, 0x0000, 0x0000, 0x0000, 0x0000, 0x0000, 0x0000,
0x0000, 0x0000, 0x0000, 0x0000, 0x0000, 0x0000, 0x0000, 0x0000, 0x0000, 0x0000, 0x0000, 0x0000,
0x0000, 0x0000, 0x0000, 0x0000, 0x0000, 0x0000, 0x0000, 0x0000, 0x0000, 0x0000, 0x0000, 0x0000,
0x0000, 0x0000, 0x0000, 0x0000, 0x0000, 0x0000, 0x0000, 0x0000, 0x0000, 0x0000, 0x0000, 0x0000,
0x0000, 0x0000, 0x0000, 0x0000, 0x0000, 0x0000, 0x0000, 0x0000, 0x0000, 0x0000, 0x0000, 0x0000,
0x0000, 0x0000, 0x0000, 0x0000, 0x0000, 0x0000, 0x0000, 0x0000, 0x0000, 0x0000, 0x0000, 0x0000,
0x0000, 0x0000, 0x0000, 0x0000, 0x0000, 0x0000, 0x0000, 0x0000, 0x0000, 0x0000, 0x0000, 0x0000,
0x0000, 0x0000, 0x0000, 0x0000, 0x0000, 0x0000, 0x0000, 0x0000, 0x0000, 0x0000, 0x0000, 0x0000,
0x0000, 0x0000, 0x0000, 0x0000, 0x0000, 0x0000, 0x0000, 0x0000, 0x0000, 0x0000, 0x0000, 0x0000,
0x0000, 0x0000, 0x0000, 0x0000, 0x0000, 0x0000, 0x0000, 0x0000, 0x0000, 0x0000, 0x0000, 0x0000,
0x0000, 0x0000, 0x0000, 0x0000, 0x0000, 0x0000, 0x0000, 0x0000, 0x0000, 0x0000, 0x0000, 0x0000,
0x0000, 0x0000, 0x0000, 0x0000, 0x0000, 0x0000, 0x0000, 0x0000, 0x0000, 0x0000, 0x0000, 0x0000,
0x0000, 0x0000, 0x0000, 0x0000, 0x0000, 0x0000, 0x0000, 0x0000, 0x0000, 0x0000, 0x0000, 0x0000,
0x0000, 0x0000, 0x0000, 0x0000, 0x0000, 0x0000, 0x0000, 0x0000, 0x0000, 0x0000, 0x0000, 0x0000,
0x0000, 0x0000, 0x0000, 0x0000, 0x0000, 0x0000, 0x0000, 0x0000, 0x0000, 0x0000, 0x0000, 0x0000,
0x0000, 0x0000, 0x0000, 0x0000, 0x0000, 0x0000, 0x0000, 0x0000, 0x0000, 0x0000, 0x0000, 0x0000,
0x0000, 0x0000, 0x0000, 0x0000, 0x0000, 0x0000, 0x0000, 0x0000, 0x0000, 0x0000, 0x0000, 0x0000,
0x0000, 0x0000, 0x0000, 0x0000, 0x0000, 0x0000, 0x0000, 0x0000, 0x0000, 0x0000, 0x0000, 0x0000,
0x0000, 0x0000, 0x0000, 0x0000, 0x0000, 0x0000, 0x0000, 0x0000, 0x0000, 0x0000, 0x0000, 0x0000,
0x0000, 0x0000, 0x0000, 0x0000, 0x0000, 0x0000, 0x0000, 0x0000, 0x0000, 0x0000, 0x0000, 0x0000,
0x0000, 0x0000, 0x0000, 0x0000, 0x0000, 0x0000, 0x0000, 0x0000, 0x0000, 0x0000, 0x0000, 0x0000,
0x0000, 0x0000, 0x0000, 0x0000, 0x0000, 0x0000, 0x0000, 0x0000, 0x0000, 0x0000, 0x0000, 0x0000,
0x0000, 0x0000, 0x0000, 0x0000, 0x0000, 0x0000, 0x0000, 0x0000, 0x0000, 0x0000, 0x0000, 0x0000,
0x0000, 0x0000, 0x0000, 0x0000, 0x0000, 0x0000, 0x0000, 0x0000, 0x0000, 0x0000, 0x0000, 0x0000,
0x0000, 0x0000, 0x0000, 0x0000, 0x0000, 0x0000, 0x0000, 0x0000, 0x0000, 0x0000, 0x0000, 0x0000,
0x0000, 0x0000, 0x0000, 0x0000, 0x0000, 0x0000, 0x0000, 0x0000, 0x0000, 0x0000, 0x0000, 0x0000,
0x0000, 0x0000, 0x0000, 0x0000, 0x0000, 0x0000, 0x0000, 0x0000, 0x0000, 0x0000, 0x0000, 0x0000,
0x0000, 0x0000, 0x0000, 0x0000, 0x0000, 0x0000, 0x0000, 0x0000, 0x0000, 0x0000, 0x0000, 0x0000,
0x0000, 0x0000, 0x0000, 0x0000, 0x0000, 0x0000, 0x0000, 0x0000, 0x0000, 0x0000, 0x0000, 0x0000,
0x0000, 0x0000, 0x0000, 0x0000, 0x0000, 0x0000, 0x0000, 0x0000, 0x0000, 0x0000, 0x0000, 0x0000,
0x0000, 0x0000, 0x0000, 0x0000, 0x0000, 0x0000, 0x0000, 0x0000, 0x0000, 0x0000, 0x0000, 0x0000,
0x0000, 0x0000, 0x0000, 0x0000, 0x0000, 0x0000, 0x0000, 0x0000, 0x0000, 0x0000, 0x0000, 0x0000,
0x0000, 0x0000, 0x0000, 0x0000, 0x0000, 0x0000, 0x0000, 0x0000, 0x0000, 0x0000, 0x0000, 0x0000,
0x0000, 0x0000, 0x0000, 0x0000, 0x0000, 0x0000, 0x0000, 0x0000, 0x0000, 0x0000, 0x0000, 0x0000,
0x0000, 0x0000, 0x0000, 0x0000, 0x0000, 0x0000, 0x0000, 0x0000, 0x0000, 0x0000, 0x0000, 0x0000,
0x0000, 0x0000, 0x0000, 0x0000, 0x0000, 0x0000, 0x0000, 0x0000, 0x0000, 0x0000, 0x0000, 0x0000,
0x0000, 0x0000, 0x0000, 0x0000, 0x0000, 0x0000, 0x0000, 0x0000, 0x0000, 0x0000, 0x0000, 0x0000,
0x0000, 0x0000, 0x0000, 0x0000, 0x0000, 0x0000, 0x0000, 0x0000, 0x0000, 0x0000, 0x0000, 0x0000,
0x0000, 0x0000, 0x0000, 0x0000, 0x0000, 0x0000, 0x0000, 0x0000, 0x0000, 0x0000, 0x0000, 0x0000,
0x0000, 0x0000, 0x0000, 0x0000, 0x0000, 0x0000, 0x0000, 0x0000, 0x0000, 0x0000, 0x0000, 0x0000,
0x0000, 0x0000, 0x0000, 0x0000, 0x0000, 0x0000, 0x0000, 0x0000, 0x0000, 0x0000, 0x0000, 0x0000,
0x0000, 0x0000, 0x0000, 0x0000, 0x0000, 0x0000, 0x0000, 0x0000, 0x0000, 0x0000, 0x0000, 0x0000,
0x0000, 0x0000, 0x0000, 0x0000, 0x0000, 0x0000, 0x0000, 0x0000, 0x0000, 0x0000, 0x0000, 0x0000,
0x0000, 0x0000, 0x0000, 0x0000, 0x0000, 0x0000, 0x0000, 0x0000, 0x0000, 0x0000, 0x0000, 0x0000,
0x0000, 0x0000, 0x0000, 0x0000, 0x0000, 0x0000, 0x0000, 0x0000, 0x0000, 0x0000, 0x0000, 0x0000,
0x0000, 0x0000, 0x0000, 0x0000, 0x0000, 0x0000, 0x0000, 0x0000, 0x0000, 0x0000, 0x0000, 0x0000,
0x0000, 0x0000, 0x0000, 0x0000, 0x0000, 0x0000, 0x0000, 0x0000, 0x0000, 0x0000, 0x0000, 0x0000,
0x0000, 0x0000, 0x0000, 0x0000, 0x0000, 0x0000, 0x0000, 0x0000, 0x0000, 0x0000, 0x0000, 0x0000,
0x0000, 0x0000, 0x0000, 0x0000, 0x0000, 0x0000, 0x0000, 0x0000, 0x0000, 0x0000, 0x0000, 0x0000,
0x0000, 0x0000, 0x0000, 0x0000, 0x0000, 0x0000, 0x0000, 0x0000, 0x0000, 0x0000, 0x0000, 0x0000,
0x0000, 0x0000, 0x0000, 0x0000, 0x0000, 0x0000, 0x0000, 0x0000, 0x0000, 0x0000, 0x0000, 0x0000,
0x0000, 0x0000, 0x0000, 0x0000, 0x0000, 0x0000, 0x0000, 0x0000, 0x0000, 0x0000, 0x0000, 0x0000,
0x0000, 0x0000, 0x0000, 0x0000, 0x0000, 0x0000, 0x0000, 0x0000, 0x0000, 0x0000, 0x0000, 0x0000,
0x0000, 0x0000, 0x0000, 0x0000, 0x0000, 0x0000, 0x0000, 0x0000, 0x0000, 0x0000, 0x0000, 0x0000,
0x0000, 0x0000, 0x0000, 0x0000, 0x0000, 0x0000, 0x0000, 0x0000, 0x0000, 0x0000, 0x0000, 0x0000,
0x0000, 0x0000, 0x0000, 0x0000, 0x0000, 0x0000, 0x0000, 0x0000, 0x0000, 0x0000, 0x0000, 0x0000,
0x0000, 0x0000, 0x0000, 0x0000, 0x0000, 0x0000, 0x0000, 0x0000, 0x0000, 0x0000, 0x0000, 0x0000,
0x0000, 0x0000, 0x0000, 0x0000, 0x0000, 0x0000, 0x0000, 0x0000, 0x0000, 0x0000, 0x0000, 0x0000,
0x0000, 0x0000, 0x0000, 0x0000, 0x0000, 0x0000, 0x0000, 0x0000, 0x0000, 0x0000, 0x0000, 0x0000,
0x0000, 0x0000, 0x0000, 0x0000, 0x0000, 0x0000, 0x0000, 0x0000, 0x0000, 0x0000, 0x0000, 0x0000,
0x0000, 0x0000, 0x0000, 0x0000, 0x0000, 0x0000, 0x0000, 0x0000, 0x0000, 0x0000, 0x0000, 0x0000,
0x0000, 0x0000, 0x0000, 0x0000, 0x0000, 0x0000, 0x0000, 0x0000, 0x0000, 0x0000, 0x0000, 0x0000,
0x0000, 0x0000, 0x0000, 0x0000, 0x0000, 0x0000, 0x0000, 0x0000, 0x0000, 0x0000, 0x0000, 0x0000,
0x0000, 0x0000, 0x0000, 0x0000, 0x0000, 0x0000, 0x0000, 0x0000, 0x0000, 0x0000, 0x0000, 0x0000,
0x0000, 0x0000, 0x0000, 0x0000, 0x0000, 0x0000, 0x0000, 0x0000, 0x0000, 0x0000, 0x0000, 0x0000,
0x0000, 0x0000, 0x0000, 0x0000, 0x0000, 0x0000, 0x0000, 0x0000, 0x0000, 0x0000, 0x0000, 0x0000,
0x0000, 0x0000, 0x0000, 0x0000, 0x0000, 0x0000, 0x0000, 0x0000, 0x0000, 0x0000, 0x0000, 0x0000,
0x0000, 0x0000, 0x0000, 0x0000, 0x0000, 0x0000, 0x0000, 0x0000, 0x0000, 0x0000, 0x0000, 0x0000,
0x0000, 0x0000, 0x0000, 0x0000, 0x0000, 0x0000, 0x0000, 0x0000, 0x0000, 0x0000, 0x0000, 0x0000,
0x0000, 0x0000, 0x0000, 0x0000, 0x0000, 0x0000, 0x0000, 0x0000, 0x0000, 0x0000, 0x0000, 0x0000,
0x0000, 0x0000, 0x0000, 0x0000, 0x0000, 0x0000, 0x0000, 0x0000, 0x0000, 0x0000, 0x0000, 0x0000,
0x0000, 0x0000, 0x0000, 0x0000, 0x0000, 0x0000, 0x0000, 0x0000, 0x0000, 0x0000, 0x0000, 0x0000,
0x0000, 0x0000, 0x0000, 0x0000, 0x0000, 0x0000, 0x0000, 0x0000, 0x0000, 0x0000, 0x0000, 0x0000,
0x0000, 0x0000, 0x0000, 0x0000, 0x0000, 0x0000, 0x0000, 0x0000, 0x0000, 0x0000, 0x0000, 0x0000,
0x0000, 0x0000, 0x0000, 0x0000, 0x0000, 0x0000, 0x0000, 0x0000, 0x0000, 0x0000, 0x0000, 0x0000,
0x0000, 0x0000, 0x0000, 0x0000, 0x0000, 0x0000, 0x0000, 0x0000, 0x0000, 0x0000, 0x0000, 0x0000,
0x0000, 0x0000, 0x0000, 0x0000, 0x0000, 0x0000, 0x0000, 0x0000, 0x0000, 0x0000, 0x0000, 0x0000,
0x0000, 0x0000, 0x0000, 0x0000, 0x0000, 0x0000, 0x0000, 0x0000, 0x0000, 0x0000, 0x0000, 0x0000,
0x0000, 0x0000, 0x0000, 0x0000, 0x0000, 0x0000, 0x0000, 0x0000, 0x0000, 0x0000, 0x0000, 0x0000,
0x0000, 0x0000, 0x0000, 0x0000, 0x0000, 0x0000, 0x0000, 0x0000, 0x0000, 0x0000, 0x0000, 0x0000,
0x0000, 0x0000, 0x0000, 0x0000, 0x0000, 0x0000, 0x0000, 0x0000, 0x0000, 0x0000, 0x0000, 0x0000,
0x0000, 0x0000, 0x0000, 0x0000, 0x0000, 0x0000, 0x0000, 0x0000, 0x0000, 0x0000, 0x0000, 0x0000,
0x0000, 0x0000, 0x0000, 0x0000, 0x0000, 0x0000, 0x0000, 0x0000, 0x0000, 0x0000, 0x0000, 0x0000,
0x0000, 0x0000, 0x0000, 0x0000, 0x0000, 0x0000, 0x0000, 0x0000, 0x0000, 0x0000, 0x0000, 0x0000,
0x0000, 0x0000, 0x0000, 0x0000, 0x0000, 0x0000, 0x0000, 0x0000, 0x0000, 0x0000, 0x0000, 0x0000,
0x0000, 0x0000, 0x0000, 0x0000, 0x0000, 0x0000, 0x0000, 0x0000, 0x0000, 0x0000, 0x0000, 0x0000,
0x0000, 0x0000, 0x0000, 0x0000, 0x0000, 0x0000, 0x0000, 0x0000, 0x0000, 0x0000, 0x0000, 0x0000,
0x0000, 0x0000, 0x0000, 0x0000, 0x0000, 0x0000, 0x0000, 0x0000, 0x0000, 0x0000, 0x0000, 0x0000,
0x0000, 0x0000, 0x0000, 0x0000, 0x0000, 0x0000, 0x0000, 0x0000, 0x0000, 0x0000, 0x0000, 0x0000,
0x0000, 0x0000, 0x0000, 0x0000, 0x0000, 0x0000, 0x0000, 0x0000, 0x0000, 0x0000, 0x0000, 0x0000,
0x0000, 0x0000, 0x0000, 0x0000, 0x0000, 0x0000, 0x0000, 0x0000, 0x0000, 0x0000, 0x0000, 0x0000,
0x0000, 0x0000, 0x0000, 0x0000, 0x0000, 0x0000, 0x0000, 0x0000, 0x0000, 0x0000, 0x0000, 0x0000,
0x0000, 0x0000, 0x0000, 0x0000, 0x0000, 0x0000, 0x0000, 0x0000, 0x0000, 0x0000, 0x0000, 0x0000,
0x0000, 0x0000, 0x0000, 0x0000, 0x0000, 0x0000, 0x0000, 0x0000, 0x0000, 0x0000, 0x0000, 0x0000,
0x0000, 0x0000, 0x0000, 0x0000, 0x0000, 0x0000, 0x0000, 0x0000, 0x0000, 0x0000, 0x0000, 0x0000,
0x0000, 0x0000, 0x0000, 0x0000, 0x0000, 0x0000, 0x0000, 0x0000, 0x0000, 0x0000, 0x0000, 0x0000,
0x0000, 0x0000, 0x0000, 0x0000, 0x0000, 0x0000, 0x0000, 0x0000, 0x0000, 0x0000, 0x0000, 0x0000,
0x0000, 0x0000, 0x0000, 0x0000, 0x0000, 0x0000, 0x0000, 0x0000, 0x0000, 0x0000, 0x0000, 0x0000,
0x0000, 0x0000, 0x0000, 0x0000, 0x0000, 0x0000, 0x0000, 0x0000, 0x0000, 0x0000, 0x0000, 0x0000,
0x0000, 0x0000, 0x0000, 0x0000, 0x0000, 0x0000, 0x0000, 0x0000, 0x0000, 0x0000, 0x0000, 0x0000,
0x0000, 0x0000, 0x0000, 0x0000, 0x0000, 0x0000, 0x0000, 0x0000, 0x0000, 0x0000, 0x0000, 0x0000,
0x0000, 0x0000, 0x0000, 0x0000, 0x0000, 0x0000, 0x0000, 0x0000, 0x0000, 0x0000, 0x0000, 0x0000,
0x0000, 0x0000, 0x0000, 0x0000, 0x0000, 0x0000, 0x0000, 0x0000, 0x0000, 0x0000, 0x0000, 0x0000,
0x0000, 0x0000, 0x0000, 0x0000, 0x0000, 0x0000, 0x0000, 0x0000, 0x0000, 0x0000, 0x0000, 0x0000,
0x0000, 0x0000, 0x0000, 0x0000, 0x0000, 0x0000, 0x0000, 0x0000, 0x0000, 0x0000, 0x0000, 0x0000,
0x0000, 0x0000, 0x0000, 0x0000, 0x0000, 0x0000, 0x0000, 0x0000, 0x0000, 0x0000, 0x0000, 0x0000,
0x0000, 0x0000, 0x0000, 0x0000, 0x0000, 0x0000, 0x0000, 0x0000, 0x0000, 0x0000, 0x0000, 0x0000,
0x0000, 0x0000, 0x0000, 0x0000, 0x0000, 0x0000, 0x0000, 0x0000, 0x0000, 0x0000, 0x0000, 0x0000,
0x0000, 0x0000, 0x0000, 0x0000, 0x0000, 0x0000, 0x0000, 0x0000, 0x0000, 0x0000, 0x0000, 0x0000,
0x0000, 0x0000, 0x0000, 0x0000, 0x0000, 0x0000, 0x0000, 0x0000, 0x0000, 0x0000, 0x0000, 0x0000,
0x0000, 0x0000, 0x0000, 0x0000, 0x0000, 0x0000, 0x0000, 0x0000, 0x0000, 0x0000, 0x0000, 0x0000,
0x0000, 0x0000, 0x0000, 0x0000, 0x0000, 0x0000, 0x0000, 0x0000, 0x0000, 0x0000, 0x0000, 0x0000,
0x0000, 0x0000, 0x0000, 0x0000, 0x0000, 0x0000, 0x0000, 0x0000, 0x0000, 0x0000, 0x0000, 0x0000,
0x0000, 0x0000, 0x0000, 0x0000, 0x0000, 0x0000, 0x0000, 0x0000, 0x0000, 0x0000, 0x0000, 0x0000,
0x0000, 0x0000, 0x0000, 0x0000, 0x0000, 0x0000, 0x0000, 0x0000, 0x0000, 0x0000, 0x0000, 0x0000,
0x0000, 0x0000, 0x0000, 0x0000, 0x0000, 0x0000, 0x0000, 0x0000, 0x0000, 0x0000, 0x0000, 0x0000,
0x0000, 0x0000, 0x0000, 0x0000, 0x0000, 0x0000, 0x0000, 0x0000, 0x0000, 0x0000, 0x0000, 0x0000,
0x0000, 0x0000, 0x0000, 0x0000, 0x0000, 0x0000, 0x0000, 0x0000, 0x0000, 0x0000, 0x0000, 0x0000,
0x0000, 0x0000, 0x0000, 0x0000, 0x0000, 0x0000, 0x0000, 0x0000, 0x0000, 0x0000, 0x0000, 0x0000,
0x0000, 0x0000, 0x0000, 0x0000, 0x0000, 0x0000, 0x0000, 0x0000, 0x0000, 0x0000, 0x0000, 0x0000,
0x2000, 0x2000, 0x2000, 0x2000, 0x2000, 0x2000, 0x2000, 0x2000, 0x2000, 0x2000, 0x2000, 0x2000,
0x2000, 0x2000, 0x2000, 0x2000, 0x0000, 0x0000, 0x0000, 0x0000, 0x0000, 0x0000, 0x0000, 0x0000,
0x0000, 0x0000, 0x0000, 0x0000, 0x0000, 0x0000, 0x0000, 0x0000, 0x0000, 0x0000, 0x0000, 0x0000,
0x0000, 0x0000, 0x0000, 0x0000, 0x0000, 0x0000, 0x0000, 0x0000, 0x0000, 0x0000, 0x0000, 0x0000,
0x0000, 0x0000, 0x0000, 0x0000, 0x0000, 0x0000, 0x0000, 0x0000, 0x0000, 0x0000, 0x0000, 0x0000,
0x0000, 0x0000, 0x0000, 0x0000, 0x0000, 0x0000, 0x0000, 0x0000, 0x0000, 0x0000, 0x0000, 0x0000,
0x0000, 0x0000, 0x0000, 0x0000, 0x0000, 0x0000, 0x0000, 0x0000, 0x0000, 0x0000, 0x0000, 0x0000,
0x0000, 0x0000, 0x0000, 0x0000, 0x0000, 0x0000, 0x0000, 0x0000, 0x0000, 0x0000, 0x0000, 0x0000,
0x0000, 0x0000, 0x0000, 0x0000, 0x0000, 0x0000, 0x0000, 0x0000, 0x0000, 0x0000, 0x0000, 0x0000,
0x0000, 0x0000, 0x0000, 0x0000, 0x0000, 0x0000, 0x0000, 0x0000, 0x0000, 0x0000, 0x0000, 0x0000,
0x0000, 0x0000, 0x0000, 0x0000, 0x0000, 0x0000, 0x0000, 0x0000, 0x0000, 0x0000, 0x0000, 0x0000,
0x0000, 0x0000, 0x0000, 0x0000, 0x0000, 0x0000, 0x0000, 0x0000, 0x0000, 0x0000, 0x0000, 0x0000,
0x0000, 0x0000, 0x0000, 0x0000, 0x0000, 0x0000, 0x0000, 0x0000, 0x0000, 0x0000, 0x0000, 0x0000,
0x0000, 0x0000, 0x0000, 0x0000, 0x2000, 0x2000, 0x2000, 0x2000, 0x2000, 0x2000, 0x2000, 0x2000,
0x2000, 0x2000, 0x2000, 0x2000, 0x2000, 0x2000, 0x2000, 0x2000, 0x0000, 0x0000, 0x0000, 0x0000,
0x0000, 0x0000, 0x0000, 0x0000, 0x0000, 0x0000, 0x0000, 0x0000, 0x0000, 0x0000, 0x0000, 0x0000,
0x0000, 0x0000, 0x0000, 0x0000, 0x0000, 0x0000, 0x0000, 0x0000, 0x0000, 0x0000, 0x0000, 0x0000,
0x0000, 0x0000, 0x0000, 0x0000, 0x0000, 0x0000, 0x0000, 0x0000, 0x0000, 0x0000, 0x0000, 0x0000,
0x0000, 0x0000, 0x0000, 0x0000, 0x0000, 0x0000, 0x0000, 0x0000, 0x0000, 0x0000, 0x0000, 0x0000,
0x0000, 0x0000, 0x0000, 0x0000, 0x0000, 0x0000, 0x0000, 0x0000, 0x0000, 0x0000, 0x0000, 0x0000,
0x0000, 0x0000, 0x0000, 0x0000, 0x0000, 0x0000, 0x0000, 0x0000, 0x0000, 0x0000, 0x0000, 0x0000,
0x0000, 0x0000, 0x0000, 0x0000, 0x0000, 0x0000, 0x0000, 0x0000, 0x0000, 0x0000, 0x0000, 0x0000,
0x0000, 0x0000, 0x0000, 0x0000, 0x0000, 0x0000, 0x0000, 0x0000, 0x0000, 0x0000, 0x0000, 0x0000,
0x0000, 0x0000, 0x0000, 0x0000, 0x0000, 0x0000, 0x0000, 0x0000, 0x0000, 0x0000, 0x0000, 0x0000,
0x0000, 0x0000, 0x0000, 0x0000, 0x0000, 0x0000, 0x0000, 0x0000, 0x0000, 0x0000, 0x0000, 0x0000,
0x0000, 0x0000, 0x0000, 0x0000, 0x0000, 0x0000, 0x0000, 0x0000, 0x0000, 0x0000, 0x0000, 0x0000,
0x0000, 0x0000, 0x0000, 0x0000, 0x0000, 0x0000, 0x2000, 0x2000, 0x2100, 0x2100, 0x2100, 0x2100,
0x2100, 0x4100, 0x4100, 0x4100, 0x4100, 0x4100, 0x4100, 0x4100, 0x2100, 0x2100, 0x2100, 0x2100,
0x2100, 0x2100, 0x0100, 0x0000, 0x0000, 0x0000, 0x0000, 0x0000, 0x0000, 0x0000, 0x0000, 0x0000,
0x0000, 0x0000, 0x0000, 0x0000, 0x0000, 0x0000, 0x0000, 0x0000, 0x0000, 0x0000, 0x0000, 0x0000,
0x0000, 0x0000, 0x0000, 0x0000, 0x0000, 0x0000, 0x0000, 0x0000, 0x0000, 0x0000, 0x0000, 0x0000,
0x0000, 0x0000, 0x0000, 0x0000, 0x0000, 0x0000, 0x0000, 0x0000, 0x0000, 0x0000, 0x0000, 0x0000,
0x0000, 0x0000, 0x0000, 0x0000, 0x0000, 0x0000, 0x0000, 0x0000, 0x0000, 0x0000, 0x0000, 0x0000,
0x0000, 0x0000, 0x0000, 0x0000, 0x0000, 0x0000, 0x0000, 0x0000, 0x0000, 0x0000, 0x0000, 0x0000,
0x0000, 0x0000, 0x0000, 0x0000, 0x0000, 0x0000, 0x0000, 0x0000, 0x0000, 0x0000, 0x0000, 0x0000,
0x0000, 0x0000, 0x0000, 0x0000, 0x0000, 0x0000, 0x0000, 0x0000, 0x0000, 0x0000, 0x0000, 0x0000,
0x0000, 0x0000, 0x0000, 0x0000, 0x0000, 0x0000, 0x0000, 0x0000, 0x0000, 0x0000, 0x0000, 0x0000,
0x0000, 0x0000, 0x0000, 0x0000, 0x0000, 0x0000, 0x0000, 0x0000, 0x0000, 0x0000, 0x0000, 0x0000,
0x0000, 0x0000, 0x0000, 0x0000, 0x0000, 0x0000, 0x0000, 0x0000, 0x0000, 0x0000, 0x0000, 0x0000,
0x0000, 0x0000, 0x0000, 0x0000, 0x0000, 0x0000, 0x2000, 0x2000, 0x2000, 0x2000, 0x4100, 0x6100,
0x6000, 0x6000, 0x6100, 0x6100, 0x6100, 0x6100, 0x6100, 0x8100, 0x8100, 0x8100, 0x6100, 0x6100,
0x6100, 0x6100, 0x6100, 0x4000, 0x4100, 0x4100, 0x2100, 0x0100, 0x2100, 0x2000, 0x0000, 0x0000,
0x0000, 0x0000, 0x0000, 0x0000, 0x0000, 0x0000, 0x0000, 0x0000, 0x0000, 0x0000, 0x0000, 0x0000,
0x0000, 0x0000, 0x0000, 0x0000, 0x0000, 0x0000, 0x0000, 0x0000, 0x0000, 0x0000, 0x0000, 0x0000,
0x0000, 0x0000, 0x0000, 0x0000, 0x0000, 0x0000, 0x0000, 0x0000, 0x0000, 0x0000, 0x0000, 0x0000,
0x0000, 0x0000, 0x0000, 0x0000, 0x0000, 0x0000, 0x0000, 0x0000, 0x0000, 0x0000, 0x0000, 0x0000,
0x0000, 0x0000, 0x0000, 0x0000, 0x0000, 0x0000, 0x0000, 0x0000, 0x0000, 0x0000, 0x0000, 0x0000,
0x0000, 0x0000, 0x0000, 0x0000, 0x0000, 0x0000, 0x0000, 0x0000, 0x0000, 0x0000, 0x0000, 0x0000,
0x0000, 0x0000, 0x0000, 0x0000, 0x0000, 0x0000, 0x0000, 0x0000, 0x0000, 0x0000, 0x0000, 0x0000,
0x0000, 0x0000, 0x0000, 0x0000, 0x0000, 0x0000, 0x0000, 0x0000, 0x0000, 0x0000, 0x0000, 0x0000,
0x0000, 0x0000, 0x0000, 0x0000, 0x0000, 0x0000, 0x0000, 0x0000, 0x0000, 0x0000, 0x0000, 0x0000,
0x0000, 0x0000, 0x0000, 0x0000, 0x0000, 0x0000, 0x0000, 0x0000, 0x0000, 0x0000, 0x0000, 0x0000,
0x0000, 0x0000, 0x0000, 0x0000, 0x0000, 0x0000, 0x0000, 0x0000, 0x0000, 0x2000, 0x2000, 0x2000,
0x2000, 0x2000, 0x4100, 0x6100, 0x4100, 0x4200, 0x6200, 0x6200, 0x6200, 0x6200, 0x8200, 0x8200,
0x8200, 0x8200, 0x8200, 0x6200, 0x6200, 0x4200, 0x4200, 0x4100, 0x6100, 0x4100, 0x2000, 0x2000,
0x2000, 0x2000, 0x2000, 0x0000, 0x0000, 0x0000, 0x0000, 0x0000, 0x0000, 0x0000, 0x0000, 0x0000,
0x0000, 0x0000, 0x0000, 0x0000, 0x0000, 0x0000, 0x0000, 0x0000, 0x0000, 0x0000, 0x0000, 0x0000,
0x0000, 0x0000, 0x0000, 0x0000, 0x0000, 0x0000, 0x0000, 0x0000, 0x0000, 0x0000, 0x0000, 0x0000,
0x0000, 0x0000, 0x0000, 0x0000, 0x0000, 0x0000, 0x0000, 0x0000, 0x0000, 0x0000, 0x0000, 0x0000,
0x0000, 0x0000, 0x0000, 0x0000, 0x0000, 0x0000, 0x0000, 0x0000, 0x0000, 0x0000, 0x0000, 0x0000,
0x0000, 0x0000, 0x0000, 0x0000, 0x0000, 0x0000, 0x0000, 0x0000, 0x0000, 0x0000, 0x0000, 0x0000,
0x0000, 0x0000, 0x0000, 0x0000, 0x0000, 0x0000, 0x0000, 0x0000, 0x0000, 0x0000, 0x0000, 0x0000,
0x0000, 0x0000, 0x0000, 0x0000, 0x0000, 0x0000, 0x0000, 0x0000, 0x0000, 0x0000, 0x0000, 0x0000,
0x0000, 0x0000, 0x0000, 0x0000, 0x0000, 0x0000, 0x0000, 0x0000, 0x0000, 0x0000, 0x0000, 0x0000,
0x0000, 0x0000, 0x0000, 0x0000, 0x0000, 0x0000, 0x0000, 0x0000, 0x0000, 0x0000, 0x0000, 0x0000,
0x0000, 0x0000, 0x0000, 0x0000, 0x0000, 0x0000, 0x0000, 0x0000, 0x0000, 0x0000, 0x0000, 0x0000,
0x0000, 0x2000, 0x2000, 0x2000, 0x4100, 0x4100, 0x4100, 0x6100, 0x6200, 0x8200, 0x8200, 0x8300,
0xA300, 0xA300, 0xA300, 0xA300, 0xA300, 0xA300, 0xA300, 0xA300, 0x8300, 0x8200, 0x8200, 0x8200,
0x6100, 0x4100, 0x4100, 0x4100, 0x4000, 0x2000, 0x2000, 0x0000, 0x0000, 0x0000, 0x0000, 0x0000,
0x0000, 0x0000, 0x0000, 0x0000, 0x0000, 0x0000, 0x0000, 0x0000, 0x0000, 0x0000, 0x0000, 0x0000,
0x0000, 0x0000, 0x0000, 0x0000, 0x0000, 0x0000, 0x0000, 0x0000, 0x0000, 0x0000, 0x0000, 0x0000,
0x0000, 0x0000, 0x0000, 0x0000, 0x0000, 0x0000, 0x0000, 0x0000, 0x0000, 0x0000, 0x0000, 0x0000,
0x0000, 0x0000, 0x0000, 0x0000, 0x0000, 0x0000, 0x0000, 0x0000, 0x0000, 0x0000, 0x0000, 0x0000,
0x0000, 0x0000, 0x0000, 0x0000, 0x0000, 0x0000, 0x0000, 0x0000, 0x0000, 0x0000, 0x0000, 0x0000,
0x0000, 0x0000, 0x0000, 0x0000, 0x0000, 0x0000, 0x0000, 0x0000, 0x0000, 0x0000, 0x0000, 0x0000,
0x0000, 0x0000, 0x0000, 0x0000, 0x0000, 0x0000, 0x0000, 0x0000, 0x0000, 0x0000, 0x0000, 0x0000,
0x0000, 0x0000, 0x0000, 0x0000, 0x0000, 0x0000, 0x0000, 0x0000, 0x0000, 0x0000, 0x0000, 0x0000,
0x0000, 0x0000, 0x0000, 0x0000, 0x0000, 0x0000, 0x0000, 0x0000, 0x0000, 0x0000, 0x0000, 0x0000,
0x0000, 0x0000, 0x0000, 0x0000, 0x0000, 0x0000, 0x0000, 0x0000, 0x0000, 0x0000, 0x0000, 0x0000,
0x0000, 0x0000, 0x0000, 0x0000, 0x0000, 0x2000, 0x2000, 0x4100, 0x4100, 0x6200, 0x6200, 0x8300,
0xA300, 0xA300, 0xC400, 0xE400, 0xE500, 0xE500, 0xE500, 0xE500, 0xE500, 0xE500, 0xE500, 0xE500,
0xE500, 0xC400, 0xA400, 0xA300, 0xA300, 0x8200, 0x6200, 0x6100, 0x4100, 0x2000, 0x2000, 0x0100,
0x0000, 0x0000, 0x0000, 0x0000, 0x0000, 0x0000, 0x0000, 0x0000, 0x0000, 0x0000, 0x0000, 0x0000,
0x0000, 0x0000, 0x0000, 0x0000, 0x0000, 0x0000, 0x0000, 0x0000, 0x0000, 0x0000, 0x0000, 0x0000,
0x0000, 0x0000, 0x0000, 0x0000, 0x0000, 0x0000, 0x0000, 0x0000, 0x0000, 0x0000, 0x0000, 0x0000,
0x0000, 0x0000, 0x0000, 0x0000, 0x0000, 0x0000, 0x0000, 0x0000, 0x0000, 0x0000, 0x0000, 0x0000,
0x0000, 0x0000, 0x0000, 0x0000, 0x0000, 0x0000, 0x0000, 0x0000, 0x0000, 0x0000, 0x0000, 0x0000,
0x0000, 0x0000, 0x0000, 0x0000, 0x0000, 0x0000, 0x0000, 0x0000, 0x0000, 0x0000, 0x0000, 0x0000,
0x0000, 0x0000, 0x0000, 0x0000, 0x0000, 0x0000, 0x0000, 0x0000, 0x0000, 0x0000, 0x0000, 0x0000,
0x0000, 0x0000, 0x0000, 0x0000, 0x0000, 0x0000, 0x0000, 0x0000, 0x0000, 0x0000, 0x0000, 0x0000,
0x0000, 0x0000, 0x0000, 0x0000, 0x0000, 0x0000, 0x0000, 0x0000, 0x0000, 0x0000, 0x0000, 0x0000,
0x0000, 0x0000, 0x0000, 0x0000, 0x0000, 0x0000, 0x0000, 0x0000, 0x0000, 0x0000, 0x0000, 0x0000,
0x0000, 0x0000, 0x0000, 0x0000, 0x0000, 0x0000, 0x0000, 0x0000, 0x0000, 0x2000, 0x2000, 0x2100,
0x6100, 0x6200, 0xA300, 0xE400, 0x2501, 0x2601, 0x6701, 0x8701, 0x8701, 0x8801, 0xA801, 0xA801,
0xA801, 0xA801, 0x8801, 0x8801, 0x8701, 0x6701, 0x4601, 0x2501, 0xE500, 0xA300, 0x8300, 0x6200,
0x4100, 0x4100, 0x2100, 0x2100, 0x2000, 0x2000, 0x2000, 0x0000, 0x0000, 0x0000, 0x0000, 0x0000,
0x0000, 0x0000, 0x0000, 0x0000, 0x0000, 0x0000, 0x0000, 0x0000, 0x0000, 0x0000, 0x0000, 0x0000,
0x0000, 0x0000, 0x0000, 0x0000, 0x0000, 0x0000, 0x0000, 0x0000, 0x0000, 0x0000, 0x0000, 0x0000,
0x0000, 0x0000, 0x0000, 0x0000, 0x0000, 0x0000, 0x0000, 0x0000, 0x0000, 0x0000, 0x0000, 0x0000,
0x0000, 0x0000, 0x0000, 0x0000, 0x0000, 0x0000, 0x0000, 0x0000, 0x0000, 0x0000, 0x0000, 0x0000,
0x0000, 0x0000, 0x0000, 0x0000, 0x0000, 0x0000, 0x0000, 0x0000, 0x0000, 0x0000, 0x0000, 0x0000,
0x0000, 0x0000, 0x0000, 0x0000, 0x0000, 0x0000, 0x0000, 0x0000, 0x0000, 0x0000, 0x0000, 0x0000,
0x0000, 0x0000, 0x0000, 0x0000, 0x0000, 0x0000, 0x0000, 0x0000, 0x0000, 0x0000, 0x0000, 0x0000,
0x0000, 0x0000, 0x0000, 0x0000, 0x0000, 0x0000, 0x0000, 0x0000, 0x0000, 0x0000, 0x0000, 0x0000,
0x0000, 0x0000, 0x0000, 0x0000, 0x0000, 0x0000, 0x0000, 0x0000, 0x0000, 0x0000, 0x0000, 0x0000,
0x0000, 0x0000, 0x0000, 0x0000, 0x0000, 0x0000, 0x0000, 0x0000, 0x0000, 0x0000, 0x0000, 0x0000,
0x2000, 0x4100, 0x4100, 0x4100, 0x6200, 0x8300, 0xE500, 0x6701, 0xAA01, 0xEA01, 0x0B02, 0x2C02,
0x4C02, 0x4C02, 0x4C0A, 0x4D0A, 0x4C0A, 0x4C0A, 0x4C02, 0x4C02, 0x2C02, 0x0B02, 0xEA01, 0xAA01,
0x6701, 0x0501, 0xA400, 0x8300, 0x6200, 0x6100, 0x6100, 0x4100, 0x4100, 0x2000, 0x2000, 0x2000,
0x2000, 0x2000, 0x2000, 0x2000, 0x0000, 0x0000, 0x0000, 0x0000, 0x0000, 0x0000, 0x0000, 0x0000,
0x0000, 0x0000, 0x0000, 0x0000, 0x0000, 0x0000, 0x0000, 0x0000, 0x0000, 0x0000, 0x0000, 0x0000,
0x0000, 0x0000, 0x0000, 0x0000, 0x0000, 0x0000, 0x0000, 0x0000, 0x0000, 0x0000, 0x0000, 0x0000,
0x0000, 0x0000, 0x0000, 0x0000, 0x0000, 0x0000, 0x0000, 0x0000, 0x0000, 0x0000, 0x0000, 0x0000,
0x0000, 0x0000, 0x0000, 0x0000, 0x0000, 0x0000, 0x0000, 0x0000, 0x0000, 0x0000, 0x0000, 0x0000,
0x0000, 0x0000, 0x0000, 0x0000, 0x0000, 0x0000, 0x0000, 0x0000, 0x0000, 0x0000, 0x0000, 0x0000,
0x0000, 0x0000, 0x0000, 0x0000, 0x0000, 0x0000, 0x0000, 0x0000, 0x0000, 0x0000, 0x0000, 0x0000,
0x0000, 0x0000, 0x0000, 0x0000, 0x0000, 0x0000, 0x0000, 0x0000, 0x0000, 0x0000, 0x0000, 0x0000,
0x0000, 0x0000, 0x0000, 0x0000, 0x0000, 0x0000, 0x0000, 0x0000, 0x0000, 0x0000, 0x0000, 0x0000,
0x0000, 0x0000, 0x0000, 0x0000, 0x0000, 0x0000, 0x0000, 0x0000, 0x0000, 0x0000, 0x0000, 0x0000,
0x0000, 0x0000, 0x0000, 0x0000, 0x2000, 0x4100, 0x6100, 0x6200, 0x8300, 0xC400, 0x6701, 0x0A0A,
0x1704, 0x3804, 0x5804, 0x7904, 0x7904, 0x7904, 0x9904, 0x9A04, 0x9A0C, 0x9904, 0x7904, 0x9904,
0x7904, 0x7804, 0x3804, 0x1704, 0x2A0A, 0x8801, 0x0501, 0xA300, 0x8200, 0x8200, 0x8200, 0x6100,
0x4100, 0x4100, 0x4100, 0x2000, 0x2000, 0x2000, 0x2000, 0x2000, 0x0000, 0x0000, 0x0000, 0x0000,
0x0000, 0x0000, 0x0000, 0x0000, 0x0000, 0x0000, 0x0000, 0x0000, 0x0000, 0x0000, 0x0000, 0x0000,
0x0000, 0x0000, 0x0000, 0x0000, 0x0000, 0x0000, 0x0000, 0x0000, 0x0000, 0x0000, 0x0000, 0x0000,
0x0000, 0x0000, 0x0000, 0x0000, 0x0000, 0x0000, 0x0000, 0x0000, 0x0000, 0x0000, 0x0000, 0x0000,
0x0000, 0x0000, 0x0000, 0x0000, 0x0000, 0x0000, 0x0000, 0x0000, 0x0000, 0x0000, 0x0000, 0x0000,
0x0000, 0x0000, 0x0000, 0x0000, 0x0000, 0x0000, 0x0000, 0x0000, 0x0000, 0x0000, 0x0000, 0x0000,
0x0000, 0x0000, 0x0000, 0x0000, 0x0000, 0x0000, 0x0000, 0x0000, 0x0000, 0x0000, 0x0000, 0x0000,
0x0000, 0x0000, 0x0000, 0x0000, 0x0000, 0x0000, 0x0000, 0x0000, 0x0000, 0x0000, 0x0000, 0x0000,
0x0000, 0x0000, 0x0000, 0x0000, 0x0000, 0x0000, 0x0000, 0x0000, 0x0000, 0x0000, 0x0000, 0x0000,
0x0000, 0x0000, 0x0000, 0x0000, 0x0000, 0x0000, 0x0000, 0x0000, 0x0000, 0x0000, 0x0000, 0x0000,
0x0000, 0x0000, 0x0000, 0x0000, 0x0000, 0x0000, 0x0000, 0x2000, 0x2100, 0x4100, 0x4100, 0x6200,
0xA300, 0x0501, 0x8901, 0x1704, 0xDF86, 0xDF86, 0xFF7E, 0xDF86, 0xDF86, 0xFF7E, 0xDF86, 0xDF86,
0x3F46, 0xDF7E, 0xDF7E, 0xDF86, 0xDF86, 0xDF7E, 0xDF86, 0xDF86, 0x1604, 0xEA01, 0x2601, 0xE400,
0xA300, 0xA400, 0x8200, 0x8200, 0x6200, 0x6200, 0x4100, 0x4100, 0x2100, 0x2100, 0x2100, 0x2100,
0x2100, 0x2100, 0x0100, 0x0000, 0x0000, 0x0000, 0x0000, 0x0000, 0x0000, 0x0000, 0x0000, 0x0000,
0x0000, 0x0000, 0x0000, 0x0000, 0x0000, 0x0000, 0x0000, 0x0000, 0x0000, 0x0000, 0x0000, 0x0000,
0x0000, 0x0000, 0x0000, 0x0000, 0x0000, 0x0000, 0x0000, 0x0000, 0x0000, 0x0000, 0x0000, 0x0000,
0x0000, 0x0000, 0x0000, 0x0000, 0x0000, 0x0000, 0x0000, 0x0000, 0x0000, 0x0000, 0x0000, 0x0000,
0x0000, 0x0000, 0x0000, 0x0000, 0x0000, 0x0000, 0x0000, 0x0000, 0x0000, 0x0000, 0x0000, 0x0000,
0x0000, 0x0000, 0x0000, 0x0000, 0x0000, 0x0000, 0x0000, 0x0000, 0x0000, 0x0000, 0x0000, 0x0000,
0x0000, 0x0000, 0x0000, 0x0000, 0x0000, 0x0000, 0x0000, 0x0000, 0x0000, 0x0000, 0x0000, 0x0000,
0x0000, 0x0000, 0x0000, 0x0000, 0x0000, 0x0000, 0x0000, 0x0000, 0x0000, 0x0000, 0x0000, 0x0000,
0x0000, 0x0000, 0x0000, 0x0000, 0x0000, 0x0000, 0x0000, 0x0000, 0x0000, 0x0000, 0x0000, 0x0000,
0x0000, 0x0000, 0x0000, 0x0000, 0x0000, 0x0000, 0x0000, 0x0000, 0x0000, 0x0000, 0x0000, 0x2000,
0x2100, 0x4100, 0x4200, 0x8200, 0xA300, 0x2601, 0xCA01, 0x3704, 0xDF86, 0xFFFF, 0xFFFF, 0xFFFF,
0xFFFF, 0xFFFF, 0xFFFF, 0xDF86, 0x3F46, 0xFFFF, 0xFFFF, 0xFFFF, 0xFFFF, 0xFFFF, 0xFFFF, 0xDF86,
0x570C, 0x0B02, 0x4709, 0xE408, 0xA300, 0xA400, 0x8300, 0x8200, 0xA200, 0x8200, 0x8100, 0x6100,
0x6100, 0x6100, 0x6000, 0x6000, 0x4100, 0x4100, 0x2100, 0x0100, 0x2100, 0x2000, 0x0000, 0x0000,
0x0000, 0x0000, 0x0000, 0x0000, 0x0000, 0x0000, 0x0000, 0x0000, 0x0000, 0x0000, 0x0000, 0x0000,
0x0000, 0x0000, 0x0000, 0x0000, 0x0000, 0x0000, 0x0000, 0x0000, 0x0000, 0x0000, 0x0000, 0x0000,
0x0000, 0x0000, 0x0000, 0x0000, 0x0000, 0x0000, 0x0000, 0x0000, 0x0000, 0x0000, 0x0000, 0x0000,
0x0000, 0x0000, 0x0000, 0x0000, 0x0000, 0x0000, 0x0000, 0x0000, 0x0000, 0x0000, 0x0000, 0x0000,
0x0000, 0x0000, 0x0000, 0x0000, 0x0000, 0x0000, 0x0000, 0x0000, 0x0000, 0x0000, 0x0000, 0x0000,
0x0000, 0x0000, 0x0000, 0x0000, 0x0000, 0x0000, 0x0000, 0x0000, 0x0000, 0x0000, 0x0000, 0x0000,
0x0000, 0x0000, 0x0000, 0x0000, 0x0000, 0x0000, 0x0000, 0x0000, 0x0000, 0x0000, 0x0000, 0x0000,
0x0000, 0x0000, 0x0000, 0x0000, 0x0000, 0x0000, 0x0000, 0x0000, 0x0000, 0x0000, 0x0000, 0x0000,
0x0000, 0x0000, 0x0000, 0x0000, 0x0000, 0x0000, 0x0000, 0x0000, 0x0000, 0x0000, 0x0000, 0x0000,
0x0000, 0x0000, 0x0000, 0x2000, 0x2100, 0x4000, 0x4200, 0x8200, 0xC400, 0x4601, 0xEB01, 0x7804,
0xFF7E, 0xFFFF, 0xFFFF, 0xFFFF, 0xFFFF, 0xFFFF, 0xFFFF, 0xFF7E, 0x5F3E, 0xFFFF, 0xFFFF, 0xFFFF,
0xFFFF, 0xFFFF, 0xFFFF, 0xFF7E, 0x780C, 0x4C02, 0x8801, 0x2601, 0xE400, 0xE500, 0xC400, 0xC400,
0xA300, 0x8300, 0x8200, 0x8200, 0x6200, 0x4200, 0x4200, 0x4200, 0x6100, 0x4100, 0x2000, 0x2000,
0x2000, 0x2000, 0x2000, 0x0000, 0x0000, 0x0000, 0x0000, 0x0000, 0x0000, 0x0000, 0x0000, 0x0000,
0x0000, 0x0000, 0x0000, 0x0000, 0x0000, 0x0000, 0x0000, 0x0000, 0x0000, 0x0000, 0x0000, 0x0000,
0x0000, 0x0000, 0x0000, 0x0000, 0x0000, 0x0000, 0x0000, 0x0000, 0x0000, 0x0000, 0x0000, 0x0000,
0x0000, 0x0000, 0x0000, 0x0000, 0x0000, 0x0000, 0x0000, 0x0000, 0x0000, 0x0000, 0x0000, 0x0000,
0x0000, 0x0000, 0x0000, 0x0000, 0x0000, 0x0000, 0x0000, 0x0000, 0x0000, 0x0000, 0x0000, 0x0000,
0x0000, 0x0000, 0x0000, 0x0000, 0x0000, 0x0000, 0x0000, 0x0000, 0x0000, 0x0000, 0x0000, 0x0000,
0x0000, 0x0000, 0x0000, 0x0000, 0x0000, 0x0000, 0x0000, 0x0000, 0x0000, 0x0000, 0x0000, 0x0000,
0x0000, 0x0000, 0x0000, 0x0000, 0x0000, 0x0000, 0x0000, 0x0000, 0x0000, 0x0000, 0x0000, 0x0000,
0x0000, 0x0000, 0x0000, 0x0000, 0x0000, 0x0000, 0x0000, 0x0000, 0x0000, 0x0000, 0x0000, 0x0000,
0x0000, 0x0000, 0x0000, 0x0000, 0x0000, 0x0000, 0x0000, 0x2000, 0x2100, 0x6100, 0x6200, 0x8200,
0xC400, 0x4701, 0xEB01, 0x7804, 0xDF86, 0xFFFF, 0xFFFF, 0xFFFF, 0xFFFF, 0xFFFF, 0xFFFF, 0xDF86,
0x3F46, 0xFFFF, 0xDFFF, 0xFFFF, 0xFFFF, 0xFFFF, 0xFFFF, 0xDF86, 0x780C, 0x6D02, 0xA801, 0x4501,
0x0409, 0x0501, 0xE300, 0xE400, 0xC300, 0xC300, 0xA300, 0xA300, 0xA200, 0x8200, 0x8200, 0x6200,
0x6100, 0x4100, 0x4100, 0x4100, 0x4000, 0x2000, 0x2000, 0x0000, 0x0000, 0x0000, 0x0000, 0x0000,
0x0000, 0x0000, 0x0000, 0x0000, 0x0000, 0x0000, 0x0000, 0x0000, 0x0000, 0x0000, 0x0000, 0x0000,
0x0000, 0x0000, 0x0000, 0x0000, 0x0000, 0x0000, 0x0000, 0x0000, 0x0000, 0x0000, 0x0000, 0x0000,
0x0000, 0x0000, 0x0000, 0x0000, 0x0000, 0x0000, 0x0000, 0x0000, 0x0000, 0x0000, 0x0000, 0x0000,
0x0000, 0x0000, 0x0000, 0x0000, 0x0000, 0x0000, 0x0000, 0x0000, 0x0000, 0x0000, 0x0000, 0x0000,
0x0000, 0x0000, 0x0000, 0x0000, 0x0000, 0x0000, 0x0000, 0x0000, 0x0000, 0x0000, 0x0000, 0x0000,
0x0000, 0x0000, 0x0000, 0x0000, 0x0000, 0x0000, 0x0000, 0x0000, 0x0000, 0x0000, 0x0000, 0x0000,
0x0000, 0x0000, 0x0000, 0x0000, 0x0000, 0x0000, 0x0000, 0x0000, 0x0000, 0x0000, 0x0000, 0x0000,
0x0000, 0x0000, 0x0000, 0x0000, 0x0000, 0x0000, 0x0000, 0x0000, 0x0000, 0x0000, 0x0000, 0x0000,
0x0000, 0x0000, 0x0000, 0x0000, 0x0000, 0x0000, 0x0000, 0x0000, 0x0000, 0x0000, 0x0000, 0x2000,
0x2100, 0x6100, 0x6200, 0x8200, 0xC400, 0x4701, 0xEB01, 0x7804, 0xDF86, 0xFFFF, 0xFFFF, 0xFFFF,
0xFFFF, 0xFFFF, 0xFFFF, 0xDF86, 0x3F46, 0xFFFF, 0xDFFF, 0xFFFF, 0xFFFF, 0xFFFF, 0xFFFF, 0xDF86,
0x9904, 0xAF02, 0x0B02, 0x8801, 0x6601, 0x6601, 0x2509, 0x4501, 0x0501, 0x0501, 0x0501, 0xE500,
0xE400, 0xC400, 0xA300, 0xA300, 0xA300, 0x8200, 0x6200, 0x6100, 0x4100, 0x2000, 0x2000, 0x0100,
0x0000, 0x0000, 0x0000, 0x0000, 0x0000, 0x0000, 0x0000, 0x0000, 0x0000, 0x0000, 0x0000, 0x0000,
0x0000, 0x0000, 0x0000, 0x0000, 0x0000, 0x0000, 0x0000, 0x0000, 0x0000, 0x0000, 0x0000, 0x0000,
0x0000, 0x0000, 0x0000, 0x0000, 0x0000, 0x0000, 0x0000, 0x0000, 0x0000, 0x0000, 0x0000, 0x0000,
0x0000, 0x0000, 0x0000, 0x0000, 0x0000, 0x0000, 0x0000, 0x0000, 0x0000, 0x0000, 0x0000, 0x0000,
0x0000, 0x0000, 0x0000, 0x0000, 0x0000, 0x0000, 0x0000, 0x0000, 0x0000, 0x0000, 0x0000, 0x0000,
0x0000, 0x0000, 0x0000, 0x0000, 0x0000, 0x0000, 0x0000, 0x0000, 0x0000, 0x0000, 0x0000, 0x0000,
0x0000, 0x0000, 0x0000, 0x0000, 0x0000, 0x0000, 0x0000, 0x0000, 0x0000, 0x0000, 0x0000, 0x0000,
0x0000, 0x0000, 0x0000, 0x0000, 0x0000, 0x0000, 0x0000, 0x0000, 0x0000, 0x0000, 0x0000, 0x0000,
0x0000, 0x0000, 0x0000, 0x0000, 0x0000, 0x0000, 0x0000, 0x0000, 0x0000, 0x0000, 0x0000, 0x0000,
0x0000, 0x0000, 0x0000, 0x2000, 0x2100, 0x4000, 0x4200, 0x8200, 0xC400, 0x4601, 0xEB01, 0x7804,
0xFF7E, 0xFFFF, 0xFFFF, 0xFFFF, 0xFFFF, 0xFFFF, 0xFFFF, 0xFF7E, 0x5F3E, 0xFFFF, 0xFFFF, 0xFFFF,
0xFFFF, 0xFFFF, 0xFFFF, 0xFF7E, 0x990C, 0xF00A, 0x6D02, 0x0B02, 0xC901, 0xC901, 0xA809, 0xC901,
0xA801, 0xA801, 0xA801, 0xA701, 0x8701, 0x6701, 0x4601, 0x0501, 0xE500, 0xA300, 0x8300, 0x6200,
0x4100, 0x4100, 0x2100, 0x2100, 0x2000, 0x2000, 0x2000, 0x0000, 0x0000, 0x0000, 0x0000, 0x0000,
0x0000, 0x0000, 0x0000, 0x0000, 0x0000, 0x0000, 0x0000, 0x0000, 0x0000, 0x0000, 0x0000, 0x0000,
0x0000, 0x0000, 0x0000, 0x0000, 0x0000, 0x0000, 0x0000, 0x0000, 0x0000, 0x0000, 0x0000, 0x0000,
0x0000, 0x0000, 0x0000, 0x0000, 0x0000, 0x0000, 0x0000, 0x0000, 0x0000, 0x0000, 0x0000, 0x0000,
0x0000, 0x0000, 0x0000, 0x0000, 0x0000, 0x0000, 0x0000, 0x0000, 0x0000, 0x0000, 0x0000, 0x0000,
0x0000, 0x0000, 0x0000, 0x0000, 0x0000, 0x0000, 0x0000, 0x0000, 0x0000, 0x0000, 0x0000, 0x0000,
0x0000, 0x0000, 0x0000, 0x0000, 0x0000, 0x0000, 0x0000, 0x0000, 0x0000, 0x0000, 0x0000, 0x0000,
0x0000, 0x0000, 0x0000, 0x0000, 0x0000, 0x0000, 0x0000, 0x0000, 0x0000, 0x0000, 0x0000, 0x0000,
0x0000, 0x0000, 0x0000, 0x0000, 0x0000, 0x0000, 0x0000, 0x0000, 0x0000, 0x0000, 0x0000, 0x0000,
0x0000, 0x0000, 0x0000, 0x0000, 0x0000, 0x0000, 0x0000, 0x2000, 0x2100, 0x4100, 0x4200, 0x8200,
0xA300, 0x2601, 0xCA01, 0x3704, 0xDF86, 0xFFFF, 0xFFFF, 0xFFFF, 0xFFFF, 0xFFFF, 0xFFFF, 0xDF86,
0x3F46, 0xFFFF, 0xFFFF, 0xFFFF, 0xFFFF, 0xFFFF, 0xFFFF, 0xDF86, 0x780C, 0x510B, 0x100B, 0xCF02,
0xAD02, 0x8E02, 0x8D02, 0x8E02, 0x6D0A, 0x4D0A, 0x4C02, 0x4C02, 0x2C02, 0x0B02, 0xEA01, 0xCA01,
0x6701, 0x0501, 0xA400, 0x8300, 0x6200, 0x6100, 0x6100, 0x4100, 0x4100, 0x2000, 0x2000, 0x2000,
0x2000, 0x2000, 0x2000, 0x2000, 0x0000, 0x0000, 0x0000, 0x0000, 0x0000, 0x0000, 0x0000, 0x0000,
0x0000, 0x0000, 0x0000, 0x0000, 0x0000, 0x0000, 0x0000, 0x0000, 0x0000, 0x0000, 0x0000, 0x0000,
0x0000, 0x0000, 0x0000, 0x0000, 0x0000, 0x0000, 0x0000, 0x0000, 0x0000, 0x0000, 0x0000, 0x0000,
0x0000, 0x0000, 0x0000, 0x0000, 0x0000, 0x0000, 0x0000, 0x0000, 0x0000, 0x0000, 0x0000, 0x0000,
0x0000, 0x0000, 0x0000, 0x0000, 0x0000, 0x0000, 0x0000, 0x0000, 0x0000, 0x0000, 0x0000, 0x0000,
0x0000, 0x0000, 0x0000, 0x0000, 0x0000, 0x0000, 0x0000, 0x0000, 0x0000, 0x0000, 0x0000, 0x0000,
0x0000, 0x0000, 0x0000, 0x0000, 0x0000, 0x0000, 0x0000, 0x0000, 0x0000, 0x0000, 0x0000, 0x0000,
0x0000, 0x0000, 0x0000, 0x0000, 0x0000, 0x0000, 0x0000, 0x0000, 0x0000, 0x0000, 0x0000, 0x0000,
0x0000, 0x0000, 0x0000, 0x0000, 0x0000, 0x0000, 0x0000, 0x0000, 0x0000, 0x0000, 0x0000, 0x2000,
0x2100, 0x4100, 0x4100, 0x6200, 0xA300, 0x0501, 0x8901, 0x1704, 0xDF86, 0xDF86, 0xFF7E, 0xDF86,
0xDF86, 0xFF7E, 0xDF86, 0xDF86, 0x3F46, 0xDF7E, 0xDF7E, 0xDF86, 0xDF86, 0xDF7E, 0xDF86, 0xDF86,
0x5E05, 0x980C, 0x990C, 0x9904, 0x9904, 0x9A04, 0x990C, 0x9A04, 0x9A0C, 0x9A04, 0x9904, 0x9904,
0x9904, 0x7804, 0x3804, 0x1704, 0x2A0A, 0x8801, 0x0501, 0xA300, 0x8200, 0x8200, 0x8200, 0x6100,
0x4100, 0x4100, 0x4100, 0x2000, 0x2000, 0x2000, 0x2000, 0x2000, 0x0000, 0x0000, 0x0000, 0x0000,
0x0000, 0x0000, 0x0000, 0x0000, 0x0000, 0x0000, 0x0000, 0x0000, 0x0000, 0x0000, 0x0000, 0x0000,
0x0000, 0x0000, 0x0000, 0x0000, 0x0000, 0x0000, 0x0000, 0x0000, 0x0000, 0x0000, 0x0000, 0x0000,
0x0000, 0x0000, 0x0000, 0x0000, 0x0000, 0x0000, 0x0000, 0x0000, 0x0000, 0x0000, 0x0000, 0x0000,
0x0000, 0x0000, 0x0000, 0x0000, 0x0000, 0x0000, 0x0000, 0x0000, 0x0000, 0x0000, 0x0000, 0x0000,
0x0000, 0x0000, 0x0000, 0x0000, 0x0000, 0x0000, 0x0000, 0x0000, 0x0000, 0x0000, 0x0000, 0x0000,
0x2000, 0x2000, 0x2000, 0x2000, 0x2000, 0x2000, 0x2000, 0x2000, 0x0000, 0x0000, 0x0000, 0x0000,
0x0000, 0x0000, 0x0000, 0x0000, 0x0000, 0x0000, 0x0000, 0x0000, 0x0000, 0x0000, 0x0000, 0x0000,
0x0000, 0x0000, 0x0000, 0x0000, 0x0000, 0x0000, 0x0000, 0x0000, 0x0000, 0x0000, 0x0000, 0x0000,
0x0000, 0x0000, 0x0000, 0x0000, 0x2000, 0x4100, 0x6100, 0x6200, 0x8300, 0xC400, 0x6701, 0x0A0A,
0x1704, 0x3804, 0x7804, 0x9904, 0x9904, 0x7904, 0x9904, 0x9A04, 0x9A04, 0x990C, 0x9A04, 0x990C,
0x9904, 0x990C, 0x980C, 0x5E05, 0xDF76, 0xDF86, 0xFF7E, 0xDF86, 0xDF86, 0xFF7E, 0xDF86, 0xFF7E,
0x3F46, 0xDF7E, 0xDF7E, 0xDF86, 0xDF86, 0xDF7E, 0xDF86, 0xDF86, 0x1604, 0xEA01, 0x2601, 0xE400,
0xA300, 0xA400, 0x8200, 0x8200, 0x6200, 0x6200, 0x4100, 0x4100, 0x2100, 0x2100, 0x2100, 0x2100,
0x2100, 0x2100, 0x0100, 0x0000, 0x0000, 0x0000, 0x0000, 0x0000, 0x0000, 0x0000, 0x0000, 0x0000,
0x0000, 0x0000, 0x0000, 0x0000, 0x0000, 0x0000, 0x0000, 0x0000, 0x0000, 0x0000, 0x0000, 0x0000,
0x0000, 0x0000, 0x0000, 0x0000, 0x0000, 0x0000, 0x0000, 0x0000, 0x0000, 0x0000, 0x0000, 0x0000,
0x0000, 0x0000, 0x0000, 0x0000, 0x0000, 0x0000, 0x0000, 0x0000, 0x0000, 0x0000, 0x0000, 0x0000,
0x0000, 0x0000, 0x0000, 0x0000, 0x0000, 0x0000, 0x0000, 0x0000, 0x2000, 0x0000, 0x0000, 0x0000,
0x0000, 0x0000, 0x2000, 0x2000, 0x2100, 0x2100, 0x2100, 0x2100, 0x2100, 0x2100, 0x2100, 0x2100,
0x2000, 0x2000, 0x0000, 0x0000, 0x0000, 0x0000, 0x0000, 0x0000, 0x0000, 0x0000, 0x0000, 0x0000,
0x0000, 0x0000, 0x0000, 0x0000, 0x0000, 0x0000, 0x0000, 0x0000, 0x0000, 0x0000, 0x0000, 0x0000,
0x0000, 0x0000, 0x0000, 0x0000, 0x0000, 0x0000, 0x0000, 0x0000, 0x2000, 0x4100, 0x4100, 0x4100,
0x6200, 0x8300, 0xE500, 0x6701, 0xA901, 0xEA01, 0x0B02, 0x2B02, 0x4C02, 0x4C02, 0x4D0A, 0x6D0A,
0x8E02, 0x6D0A, 0x8E02, 0xAD02, 0xCF02, 0x100B, 0x510B, 0x780C, 0xDF86, 0xFFFF, 0xFFFF, 0xFFFF,
0xFFFF, 0xFFFF, 0xFFFF, 0xDF86, 0x3F46, 0xFFFF, 0xFFFF, 0xFFFF, 0xFFFF, 0xFFFF, 0xFFFF, 0xDF86,
0x570C, 0x0B02, 0x4709, 0xE408, 0xA300, 0xA400, 0x8300, 0x8200, 0xA200, 0x8200, 0x8100, 0x6100,
0x6100, 0x6100, 0x6000, 0x6000, 0x4100, 0x4100, 0x2100, 0x0100, 0x2100, 0x2000, 0x0000, 0x0000,
0x0000, 0x0000, 0x0000, 0x0000, 0x0000, 0x0000, 0x0000, 0x0000, 0x0000, 0x0000, 0x0000, 0x0000,
0x0000, 0x0000, 0x0000, 0x0000, 0x0000, 0x0000, 0x0000, 0x0000, 0x0000, 0x0000, 0x0000, 0x0000,
0x0000, 0x0000, 0x0000, 0x0000, 0x0000, 0x0000, 0x0000, 0x0000, 0x0000, 0x0000, 0x0000, 0x0000,
0x0000, 0x0000, 0x0000, 0x0000, 0x0000, 0x0000, 0x0000, 0x0000, 0x0000, 0x0000, 0x0000, 0x0000,
0x0000, 0x0000, 0x0000, 0x2000, 0x2000, 0x2000, 0x4100, 0x4100, 0x4100, 0x4100, 0x6000, 0x6000,
0x6000, 0x6000, 0x4100, 0x4100, 0x4100, 0x4100, 0x2000, 0x2000, 0x2000, 0x2000, 0x0000, 0x0000,
0x0000, 0x0000, 0x0000, 0x0000, 0x0000, 0x0000, 0x0000, 0x0000, 0x0000, 0x0000, 0x0000, 0x0000,
0x0000, 0x0000, 0x0000, 0x0000, 0x0000, 0x0000, 0x0000, 0x0000, 0x0000, 0x0000, 0x0000, 0x0000,
0x0000, 0x2000, 0x2000, 0x2100, 0x6100, 0x6200, 0xA300, 0xE400, 0x2501, 0x4601, 0x6601, 0x8701,
0x8701, 0x8801, 0xA801, 0xA801, 0xC901, 0xA809, 0xC901, 0xC901, 0x0B02, 0x4D02, 0xF00A, 0x990C,
0xFF7E, 0xFFFF, 0xFFFF, 0xFFFF, 0xFFFF, 0xFFFF, 0xFFFF, 0xFF7E, 0x5F3E, 0xFFFF, 0xFFFF, 0xFFFF,
0xFFFF, 0xFFFF, 0xFFFF, 0xFF7E, 0x780C, 0x4C02, 0x8801, 0x2601, 0xE400, 0xE500, 0xC400, 0xC400,
0xA300, 0x8300, 0x8200, 0x8200, 0x6200, 0x4200, 0x4200, 0x4200, 0x6100, 0x4100, 0x2000, 0x2000,
0x2000, 0x2000, 0x2000, 0x0000, 0x0000, 0x0000, 0x0000, 0x0000, 0x0000, 0x0000, 0x0000, 0x0000,
0x0000, 0x0000, 0x0000, 0x0000, 0x0000, 0x0000, 0x0000, 0x0000, 0x0000, 0x0000, 0x0000, 0x0000,
0x0000, 0x0000, 0x0000, 0x0000, 0x0000, 0x0000, 0x0000, 0x0000, 0x0000, 0x0000, 0x0000, 0x0000,
0x0000, 0x0000, 0x0000, 0x0000, 0x0000, 0x0000, 0x0000, 0x0000, 0x0000, 0x0000, 0x0000, 0x0000,
0x0000, 0x0000, 0x0000, 0x0000, 0x0000, 0x2000, 0x2000, 0x2000, 0x2000, 0x4000, 0x4100, 0x4100,
0x4100, 0x4200, 0x6200, 0x6200, 0x6200, 0x6200, 0x4200, 0x4100, 0x6100, 0x4100, 0x2100, 0x2000,
0x2000, 0x2000, 0x2000, 0x0000, 0x0000, 0x0000, 0x0000, 0x0000, 0x0000, 0x0000, 0x0000, 0x0000,
0x0000, 0x0000, 0x0000, 0x0000, 0x0000, 0x0000, 0x0000, 0x0000, 0x0000, 0x0000, 0x0000, 0x0000,
0x0000, 0x0000, 0x0000, 0x0000, 0x0000, 0x2000, 0x2000, 0x4100, 0x4100, 0x6200, 0x6200, 0x8300,
0xA300, 0xC300, 0xC400, 0xC400, 0xE400, 0xE500, 0x0501, 0x0501, 0x4501, 0x2509, 0x6601, 0x6601,
0x8801, 0x0B02, 0xAF02, 0x9904, 0xDF86, 0xFFFF, 0xFFFF, 0xFFFF, 0xFFFF, 0xFFFF, 0xFFFF, 0xDF86,
0x3F46, 0xFFFF, 0xDFFF, 0xFFFF, 0xFFFF, 0xFFFF, 0xFFFF, 0xDF86, 0x780C, 0x6D02, 0xA801, 0x4501,
0x0409, 0x0501, 0xE300, 0xE400, 0xC300, 0xC300, 0xA300, 0xA300, 0xA200, 0x8200, 0x8200, 0x6200,
0x6100, 0x4100, 0x4100, 0x4100, 0x4000, 0x2000, 0x2000, 0x0000, 0x0000, 0x0000, 0x0000, 0x0000,
0x0000, 0x0000, 0x0000, 0x0000, 0x0000, 0x0000, 0x0000, 0x0000, 0x0000, 0x0000, 0x0000, 0x0000,
0x0000, 0x0000, 0x0000, 0x0000, 0x0000, 0x0000, 0x0000, 0x0000, 0x0000, 0x0000, 0x0000, 0x0000,
0x0000, 0x0000, 0x0000, 0x0000, 0x0000, 0x0000, 0x0000, 0x0000, 0x0000, 0x0000, 0x0000, 0x0000,
0x0000, 0x0000, 0x0000, 0x0000, 0x0000, 0x0000, 0x0000, 0x0000, 0x0000, 0x2000, 0x2000, 0x2000,
0x2000, 0x4100, 0x6100, 0x6100, 0x6200, 0x6200, 0x8200, 0x8200, 0x8200, 0x8200, 0x6200, 0x6200,
0x6100, 0x4100, 0x4100, 0x2000, 0x2000, 0x2000, 0x2000, 0x0000, 0x0000, 0x0000, 0x0000, 0x0000,
0x0000, 0x0000, 0x0000, 0x0000, 0x0000, 0x0000, 0x0000, 0x0000, 0x0000, 0x0000, 0x0000, 0x0000,
0x0000, 0x0000, 0x0000, 0x0000, 0x0000, 0x0000, 0x0000, 0x0000, 0x0000, 0x2000, 0x2000, 0x2000,
0x4100, 0x4100, 0x4100, 0x6100, 0x6200, 0x6200, 0x8200, 0x8200, 0xA300, 0xA300, 0xC300, 0xC300,
0xE400, 0xE300, 0x0501, 0x0409, 0x4501, 0xA801, 0x8D02, 0x780C, 0xDF86, 0xFFFF, 0xFFFF, 0xFFFF,
0xFFFF, 0xFFFF, 0xFFFF, 0xDF86, 0x3F46, 0xFFFF, 0xDFFF, 0xFFFF, 0xFFFF, 0xFFFF, 0xFFFF, 0xDF86,
0x9904, 0xAF02, 0x0B02, 0x8801, 0x6601, 0x6601, 0x2509, 0x4501, 0x0501, 0x0501, 0x0501, 0xE500,
0xE400, 0xC400, 0xA300, 0xA300, 0xA300, 0x8200, 0x6200, 0x6100, 0x4100, 0x2000, 0x2000, 0x0100,
0x0000, 0x0000, 0x0000, 0x0000, 0x0000, 0x0000, 0x0000, 0x0000, 0x0000, 0x0000, 0x0000, 0x0000,
0x0000, 0x0000, 0x0000, 0x0000, 0x0000, 0x0000, 0x0000, 0x0000, 0x0000, 0x0000, 0x0000, 0x0000,
0x0000, 0x0000, 0x0000, 0x0000, 0x0000, 0x0000, 0x0000, 0x0000, 0x0000, 0x0000, 0x0000, 0x0000,
0x0000, 0x0000, 0x0000, 0x0000, 0x0000, 0x0000, 0x0000, 0x0000, 0x0000, 0x0000, 0x0000, 0x0000,
0x0000, 0x0100, 0x2100, 0x2100, 0x4100, 0x6200, 0x8200, 0x8300, 0x8300, 0xA300, 0xA400, 0xA400,
0xA400, 0xA400, 0xA300, 0x8300, 0x8300, 0x6200, 0x6200, 0x4100, 0x2000, 0x2000, 0x2000, 0x0000,
0x0000, 0x0000, 0x0000, 0x0000, 0x0000, 0x0000, 0x0000, 0x0000, 0x0000, 0x0000, 0x0000, 0x0000,
0x0000, 0x0000, 0x0000, 0x0000, 0x0000, 0x0000, 0x0000, 0x0000, 0x0000, 0x0000, 0x0000, 0x0000,
0x0000, 0x2000, 0x2000, 0x2000, 0x2000, 0x2000, 0x4100, 0x6100, 0x4200, 0x4200, 0x4200, 0x6200,
0x6200, 0x8300, 0x8300, 0xA300, 0xC400, 0xC400, 0xE500, 0xE400, 0x2601, 0x8801, 0x4C02, 0x780C,
0xFF7E, 0xFFFF, 0xFFFF, 0xFFFF, 0xFFFF, 0xFFFF, 0xFFFF, 0xFF7E, 0x5F3E, 0xFFFF, 0xFFFF, 0xFFFF,
0xFFFF, 0xFFFF, 0xFFFF, 0xFF7E, 0x990C, 0xF00A, 0x6D02, 0x0B02, 0xC901, 0xC901, 0xA809, 0xC901,
0xA801, 0xA801, 0xA801, 0xA701, 0x8701, 0x6701, 0x4601, 0x0501, 0xE500, 0xA300, 0x8300, 0x6200,
0x4100, 0x4100, 0x2100, 0x2100, 0x2000, 0x2000, 0x2000, 0x0000, 0x0000, 0x0000, 0x0000, 0x0000,
0x0000, 0x0000, 0x0000, 0x0000, 0x0000, 0x0000, 0x0000, 0x0000, 0x0000, 0x0000, 0x0000, 0x0000,
0x0000, 0x0000, 0x0000, 0x0000, 0x0000, 0x0000, 0x0000, 0x0000, 0x0000, 0x0000, 0x0000, 0x0000,
0x0000, 0x0000, 0x0000, 0x0000, 0x0000, 0x0000, 0x0000, 0x0000, 0x0000, 0x0000, 0x0000, 0x0000,
0x0000, 0x0000, 0x0000, 0x2000, 0x2100, 0x2100, 0x2100, 0x4100, 0x6200, 0x8300, 0xA400, 0xC500,
0x0501, 0x2601, 0x4601, 0x6701, 0x6701, 0x4601, 0x2601, 0x0501, 0xC400, 0x8300, 0x6200, 0x6200,
0x4100, 0x2100, 0x2000, 0x0000, 0x0000, 0x0000, 0x0000, 0x0000, 0x0000, 0x0000, 0x0000, 0x0000,
0x0000, 0x0000, 0x0000, 0x0000, 0x0000, 0x0000, 0x0000, 0x0000, 0x0000, 0x0000, 0x0000, 0x0000,
0x0000, 0x0000, 0x0000, 0x0000, 0x0000, 0x0000, 0x2000, 0x2000, 0x2000, 0x2000, 0x4100, 0x6100,
0x6100, 0x6100, 0x6100, 0x6100, 0x6100, 0x8100, 0x8200, 0xA200, 0x8200, 0x8300, 0xA400, 0xA300,
0xE408, 0x4709, 0x0B02, 0x570C, 0xDF86, 0xFFFF, 0xFFFF, 0xFFFF, 0xFFFF, 0xFFFF, 0xFFFF, 0xDF86,
0x3F46, 0xFFFF, 0xFFFF, 0xFFFF, 0xFFFF, 0xFFFF, 0xFFFF, 0xDF86, 0x780C, 0x510B, 0x100B, 0xCF02,
0xAD02, 0x8E02, 0x8D02, 0x8E02, 0x6D0A, 0x4D0A, 0x4C02, 0x4C02, 0x2C02, 0x0B02, 0xEA01, 0xCA01,
0x6701, 0x0501, 0xA400, 0x8300, 0x6200, 0x6100, 0x6100, 0x4100, 0x4100, 0x2000, 0x2000, 0x2000,
0x2000, 0x2000, 0x2000, 0x2000, 0x0000, 0x0000, 0x0000, 0x0000, 0x0000, 0x0000, 0x0000, 0x0000,
0x0000, 0x0000, 0x0000, 0x0000, 0x0000, 0x0000, 0x0000, 0x0000, 0x0000, 0x0000, 0x0000, 0x0000,
0x0000, 0x0000, 0x0000, 0x0000, 0x0000, 0x0000, 0x0000, 0x0000, 0x0000, 0x0000, 0x0000, 0x0000,
0x0000, 0x0000, 0x0000, 0x0000, 0x0000, 0x0000, 0x2000, 0x2000, 0x4100, 0x4100, 0x4100, 0x6200,
0x8300, 0xA400, 0x0501, 0x6701, 0xA901, 0xCA01, 0x0B02, 0x0B02, 0x0B02, 0x0B02, 0xCA01, 0xA901,
0x6701, 0xE500, 0x8300, 0x6200, 0x4100, 0x4100, 0x4100, 0x2000, 0x0000, 0x0000, 0x0000, 0x0000,
0x0000, 0x0000, 0x0000, 0x0000, 0x0000, 0x0000, 0x0000, 0x0000, 0x0000, 0x0000, 0x0000, 0x0000,
0x0000, 0x0000, 0x0000, 0x0000, 0x0000, 0x0000, 0x0000, 0x0000, 0x0000, 0x0000, 0x0000, 0x0000,
0x0000, 0x0000, 0x2000, 0x2000, 0x2100, 0x2100, 0x2100, 0x2100, 0x4100, 0x4200, 0x6200, 0x6200,
0x8200, 0x8200, 0xA400, 0xA300, 0xE400, 0x2601, 0xEA01, 0x1604, 0xFF7E, 0xDF86, 0xFF7E, 0xDF86,
0xDF86, 0xFF7E, 0xDF86, 0xDF7E, 0x3F46, 0xDF7E, 0xDF7E, 0xDF86, 0xDF86, 0xDF7E, 0xDF86, 0xDF86,
0x5E05, 0x980C, 0x990C, 0x9904, 0x9904, 0x9A04, 0x990C, 0x9A04, 0x9A0C, 0x9A04, 0x9904, 0x9904,
0x9904, 0x7804, 0x3804, 0x1704, 0x2A0A, 0x8801, 0x0501, 0xA300, 0x8200, 0x8200, 0x8200, 0x6100,
0x4100, 0x4100, 0x4100, 0x2000, 0x2000, 0x2000, 0x2000, 0x2000, 0x0000, 0x0000, 0x0000, 0x0000,
0x0000, 0x0000, 0x0000, 0x0000, 0x0000, 0x0000, 0x0000, 0x0000, 0x0000, 0x0000, 0x0000, 0x0000,
0x0000, 0x0000, 0x0000, 0x0000, 0x0000, 0x0000, 0x0000, 0x0000, 0x0000, 0x0000, 0x0000, 0x0000,
0x0000, 0x0000, 0x0000, 0x0000, 0x0000, 0x0000, 0x0000, 0x0000, 0x0000, 0x2000, 0x2000, 0x2000,
0x4100, 0x6100, 0x6100, 0x8200, 0xA300, 0xE500, 0x8701, 0x0A0A, 0x1704, 0x3704, 0x5804, 0x7904,
0x7904, 0x5804, 0x3704, 0x1704, 0x0A0A, 0x6701, 0xC400, 0x8300, 0x6100, 0x6100, 0x4100, 0x2000,
0x0000, 0x0000, 0x0000, 0x0000, 0x0000, 0x0000, 0x0000, 0x0000, 0x0000, 0x0000, 0x0000, 0x0000,
0x0000, 0x0000, 0x0000, 0x0000, 0x0000, 0x0000, 0x0000, 0x0000, 0x0000, 0x0000, 0x0000, 0x0000,
0x0000, 0x0000, 0x0000, 0x0000, 0x0000, 0x0000, 0x0000, 0x0000, 0x2000, 0x2000, 0x2000, 0x2000,
0x2000, 0x4100, 0x4100, 0x4100, 0x6100, 0x8200, 0x8200, 0x8200, 0xA300, 0x0501, 0x8801, 0x2A0A,
0x1704, 0x3804, 0x7804, 0x9904, 0x9904, 0x9904, 0x9A04, 0x9A0C, 0x9A04, 0x990C, 0x9A04, 0x9904,
0x9904, 0x990C, 0x980C, 0x5E05, 0xDF76, 0xDF86, 0xFF7E, 0xDF86, 0xDF86, 0xFF7E, 0xDF86, 0xFF7E,
0x3F46, 0xDF7E, 0xDF7E, 0xDF86, 0xDF86, 0xDF7E, 0xDF86, 0xDF86, 0x1604, 0xEA01, 0x2601, 0xE400,
0xA300, 0xA400, 0x8200, 0x8200, 0x6200, 0x6200, 0x4100, 0x4100, 0x2100, 0x2100, 0x2100, 0x2100,
0x2000, 0x2000, 0x0000, 0x0000, 0x0000, 0x0000, 0x0000, 0x2000, 0x0000, 0x0000, 0x0000, 0x0000,
0x0000, 0x0000, 0x0000, 0x0000, 0x0000, 0x0000, 0x0000, 0x0000, 0x0000, 0x0000, 0x0000, 0x0000,
0x0000, 0x0000, 0x0000, 0x0000, 0x0000, 0x0000, 0x0000, 0x0000, 0x0000, 0x0000, 0x0000, 0x0000,
0x0100, 0x0100, 0x2100, 0x4100, 0x6100, 0x6200, 0x8300, 0xA200, 0xE400, 0x0609, 0xCA01, 0x1704,
0xFF7E, 0xDF86, 0xFF7E, 0xDF86, 0xDF86, 0xFF7E, 0xDF86, 0xDF7E, 0x1704, 0xA901, 0x0501, 0x8300,
0x6200, 0x4100, 0x4100, 0x2100, 0x0000, 0x0000, 0x0000, 0x0000, 0x0000, 0x0000, 0x0000, 0x0000,
0x0000, 0x0000, 0x0000, 0x0000, 0x0000, 0x0000, 0x0000, 0x0000, 0x0000, 0x0000, 0x0000, 0x0000,
0x0000, 0x0000, 0x0000, 0x0000, 0x0000, 0x0000, 0x0000, 0x0000, 0x0000, 0x0000, 0x0000, 0x0000,
0x2000, 0x2000, 0x2000, 0x2000, 0x2000, 0x2000, 0x2000, 0x4100, 0x4100, 0x6100, 0x6100, 0x6200,
0x8300, 0xA400, 0x0501, 0x6701, 0xCA01, 0xEA01, 0x0B02, 0x2C02, 0x4C02, 0x4C02, 0x4D0A, 0x6D0A,
0x8E02, 0x8D02, 0x8E02, 0xAD02, 0xCF02, 0x100B, 0x510B, 0x780C, 0xDF86, 0xFFFF, 0xFFFF, 0xFFFF,
0xFFFF, 0xFFFF, 0xFFFF, 0xDF86, 0x3F46, 0xFFFF, 0xFFFF, 0xFFFF, 0xFFFF, 0xFFFF, 0xFFFF, 0xDF86,
0x570C, 0x0B02, 0x4709, 0xE408, 0xA300, 0xA400, 0x8300, 0x8200, 0xA200, 0x8200, 0x8100, 0x6100,
0x6100, 0x6100, 0x6000, 0x6000, 0x4100, 0x4100, 0x2100, 0x2100, 0x0000, 0x0000, 0x0000, 0x0000,
0x0000, 0x0000, 0x0000, 0x0000, 0x0000, 0x0000, 0x0000, 0x0000, 0x0000, 0x0000, 0x0000, 0x0000,
0x0000, 0x0000, 0x0000, 0x0000, 0x0000, 0x0000, 0x0000, 0x0000, 0x0000, 0x0000, 0x0000, 0x0000,
0x0000, 0x2000, 0x2000, 0x2000, 0x2100, 0x2100, 0x4100, 0x6100, 0x6200, 0x6208, 0x8300, 0xC200,
0x0401, 0x4709, 0x0B02, 0x7804, 0xDF86, 0xFFFF, 0xFFFF, 0xFFFF, 0xFFFF, 0xFFFF, 0xFFFF, 0xDF86,
0x3704, 0xCA01, 0x2601, 0xA300, 0x6200, 0x4200, 0x4100, 0x2100, 0x0000, 0x0000, 0x0000, 0x0000,
0x0000, 0x0000, 0x0000, 0x0000, 0x0000, 0x0000, 0x0000, 0x0000, 0x0000, 0x0000, 0x0000, 0x0000,
0x0000, 0x0000, 0x0000, 0x0000, 0x0000, 0x0000, 0x0000, 0x0000, 0x0000, 0x0000, 0x0000, 0x0000,
0x0000, 0x0000, 0x0000, 0x0000, 0x0000, 0x0000, 0x0000, 0x0000, 0x0000, 0x2000, 0x2000, 0x2000,
0x2100, 0x2100, 0x4100, 0x4100, 0x6200, 0x8300, 0xA300, 0xE500, 0x0501, 0x4601, 0x6701, 0x8701,
0xA701, 0xA801, 0xA801, 0xA801, 0xC901, 0xA809, 0xC901, 0xC901, 0x0B02, 0x6D02, 0xF00A, 0x990C,
0xFF7E, 0xFFFF, 0xFFFF, 0xFFFF, 0xFFFF, 0xFFFF, 0xFFFF, 0xFF7E, 0x5F3E, 0xFFFF, 0xFFFF, 0xFFFF,
0xFFFF, 0xFFFF, 0xFFFF, 0xFF7E, 0x780C, 0x4C02, 0x8801, 0x2601, 0xE400, 0xE500, 0xC400, 0xC400,
0xA300, 0x8300, 0x8200, 0x8200, 0x6200, 0x4200, 0x4200, 0x4200, 0x4100, 0x4100, 0x4100, 0x4000,
0x2000, 0x2000, 0x2000, 0x0000, 0x0000, 0x0000, 0x0000, 0x0000, 0x0000, 0x0000, 0x0000, 0x0000,
0x0000, 0x0000, 0x0000, 0x0000, 0x0000, 0x0000, 0x0000, 0x0000, 0x0000, 0x0000, 0x0000, 0x0000,
0x0000, 0x0000, 0x0000, 0x0000, 0x0000, 0x2000, 0x2000, 0x2000, 0x2000, 0x4100, 0x4100, 0x6100,
0x8300, 0x8300, 0xA400, 0xE300, 0x2501, 0x8801, 0x4C02, 0x9904, 0xFF7E, 0xFFFF, 0xFFFF, 0xFFFF,
0xFFFF, 0xFFFF, 0xFFFF, 0xFF7E, 0x5804, 0x0B02, 0x4601, 0xA400, 0x8200, 0x6200, 0x6000, 0x2100,
0x0000, 0x0000, 0x0000, 0x0000, 0x0000, 0x0000, 0x0000, 0x0000, 0x0000, 0x0000, 0x0000, 0x0000,
0x0000, 0x0000, 0x0000, 0x0000, 0x0000, 0x0000, 0x0000, 0x0000, 0x0000, 0x0000, 0x0000, 0x0000,
0x0000, 0x0000, 0x0000, 0x0000, 0x0000, 0x0000, 0x0000, 0x0000, 0x0000, 0x0000, 0x0000, 0x0000,
0x0000, 0x0000, 0x0000, 0x0000, 0x0100, 0x2000, 0x2000, 0x4100, 0x6100, 0x6200, 0x8200, 0xA300,
0xA300, 0xA300, 0xC400, 0xE400, 0xE500, 0x0501, 0x0501, 0x0501, 0x4501, 0x2509, 0x6601, 0x6601,
0x8801, 0x0B02, 0xAF02, 0x9904, 0xDF86, 0xFFFF, 0xFFFF, 0xFFFF, 0xFFFF, 0xFFFF, 0xFFFF, 0xDF86,
0x3F46, 0xFFFF, 0xDFFF, 0xFFFF, 0xFFFF, 0xFFFF, 0xFFFF, 0xDF86, 0x780C, 0x6D02, 0xA801, 0x4501,
0x0409, 0x0501, 0xE300, 0xE400, 0xC300, 0xC300, 0xA300, 0xA300, 0xA200, 0x8200, 0x8200, 0x6200,
0x6100, 0x6100, 0x4100, 0x4100, 0x2000, 0x2000, 0x2100, 0x0000, 0x0000, 0x0000, 0x0000, 0x0000,
0x0000, 0x0000, 0x0000, 0x0000, 0x0000, 0x0000, 0x0000, 0x0000, 0x0000, 0x0000, 0x0000, 0x0000,
0x0000, 0x0000, 0x0000, 0x0000, 0x0000, 0x0000, 0x0000, 0x0000, 0x0000, 0x2000, 0x2000, 0x2000,
0x4100, 0x4100, 0x6200, 0x8200, 0xA200, 0xA200, 0xE300, 0x0301, 0x4501, 0x8809, 0x6C0A, 0x780C,
0xDF86, 0xFFFF, 0xFFFF, 0xFFFF, 0xFFFF, 0xFFFF, 0xFFFF, 0xDF86, 0x7904, 0x0B02, 0x6701, 0xA400,
0x8200, 0x6200, 0x6000, 0x2100, 0x0000, 0x0000, 0x0000, 0x0000, 0x0000, 0x0000, 0x0000, 0x0000,
0x0000, 0x0000, 0x0000, 0x0000, 0x0000, 0x0000, 0x0000, 0x0000, 0x0000, 0x0000, 0x0000, 0x0000,
0x0000, 0x0000, 0x0000, 0x0000, 0x0000, 0x0000, 0x0000, 0x0000, 0x0000, 0x0000, 0x0000, 0x0000,
0x0000, 0x0000, 0x0000, 0x0000, 0x0000, 0x0000, 0x0000, 0x0000, 0x0000, 0x2000, 0x2000, 0x4000,
0x4100, 0x4100, 0x4100, 0x6100, 0x6200, 0x8200, 0x8200, 0xA200, 0xA300, 0xA300, 0xC300, 0xC300,
0xE400, 0xE300, 0x0501, 0x0409, 0x4501, 0xA801, 0x6D02, 0x780C, 0xDF86, 0xFFFF, 0xFFFF, 0xFFFF,
0xFFFF, 0xFFFF, 0xFFFF, 0xDF86, 0x3F46, 0xFFFF, 0xDFFF, 0xFFFF, 0xFFFF, 0xFFFF, 0xFFFF, 0xDF86,
0x9904, 0xAF02, 0x0B02, 0x8801, 0x6601, 0x6601, 0x2509, 0x4501, 0x0501, 0x0501, 0x0501, 0xE500,
0xE400, 0xC400, 0xA300, 0xA300, 0x8300, 0x8200, 0x6200, 0x4100, 0x2100, 0x2100, 0x2100, 0x0000,
0x0000, 0x0000, 0x0000, 0x0000, 0x0000, 0x0000, 0x0000, 0x0000, 0x0000, 0x0000, 0x0000, 0x0000,
0x0000, 0x0000, 0x0000, 0x0000, 0x0000, 0x0000, 0x0000, 0x0000, 0x0000, 0x0000, 0x0000, 0x0000,
0x0100, 0x2100, 0x2000, 0x4100, 0x4100, 0x6200, 0x8300, 0xA300, 0xE400, 0x0409, 0x2501, 0x4501,
0x6701, 0xCA01, 0x8E02, 0x790C, 0xDF86, 0xFFFF, 0xFFFF, 0xFFFF, 0xFFFF, 0xFFFF, 0xFFFF, 0xDF86,
0x7904, 0x0B02, 0x6701, 0xA400, 0x8200, 0x6200, 0x6000, 0x2100, 0x0000, 0x0000, 0x0000, 0x0000,
0x0000, 0x0000, 0x0000, 0x0000, 0x0000, 0x0000, 0x0000, 0x0000, 0x0000, 0x0000, 0x0000, 0x0000,
0x0000, 0x0000, 0x0000, 0x0000, 0x0000, 0x0000, 0x0000, 0x0000, 0x0000, 0x0000, 0x0000, 0x0000,
0x0000, 0x0000, 0x0000, 0x0000, 0x0000, 0x0000, 0x0000, 0x0000, 0x0000, 0x0000, 0x0000, 0x0000,
0x0000, 0x2000, 0x2000, 0x2000, 0x2000, 0x2000, 0x4100, 0x6100, 0x4200, 0x4200, 0x4200, 0x6200,
0x8200, 0x8200, 0x8300, 0xA300, 0xC400, 0xC400, 0xE500, 0xE400, 0x2601, 0x8801, 0x4C02, 0x780C,
0xFF7E, 0xFFFF, 0xFFFF, 0xFFFF, 0xFFFF, 0xFFFF, 0xFFFF, 0xFF7E, 0x5F3E, 0xFFFF, 0xFFFF, 0xFFFF,
0xFFFF, 0xFFFF, 0xFFFF, 0xFF7E, 0x990C, 0xF00A, 0x6D02, 0x0B02, 0xC901, 0xC901, 0xA809, 0xC901,
0xA801, 0xA801, 0xA801, 0xA701, 0x8701, 0x6701, 0x4601, 0x0501, 0xC400, 0xA400, 0x8300, 0x6200,
0x4100, 0x2100, 0x2100, 0x2100, 0x2000, 0x0000, 0x0000, 0x0000, 0x0000, 0x0000, 0x0000, 0x0000,
0x0000, 0x0000, 0x0000, 0x0000, 0x0000, 0x0000, 0x0000, 0x0000, 0x0000, 0x0000, 0x0000, 0x0000,
0x0000, 0x0000, 0x0000, 0x2000, 0x0100, 0x2100, 0x4100, 0x4100, 0x6200, 0x8300, 0xA400, 0xE500,
0x0609, 0x4709, 0x8801, 0x8809, 0xCA01, 0x2D02, 0xF002, 0x990C, 0xFF7E, 0xFFFF, 0xFFFF, 0xFFFF,
0xFFFF, 0xFFFF, 0xFFFF, 0xFF7E, 0x5804, 0x0B02, 0x4601, 0xA400, 0x8200, 0x6200, 0x6000, 0x2100,
0x0000, 0x0000, 0x0000, 0x0000, 0x0000, 0x0000, 0x0000, 0x0000, 0x0000, 0x0000, 0x0000, 0x0000,
0x0000, 0x0000, 0x0000, 0x0000, 0x0000, 0x0000, 0x0000, 0x0000, 0x0000, 0x0000, 0x0000, 0x0000,
0x0000, 0x0000, 0x0000, 0x0000, 0x0000, 0x0000, 0x0000, 0x0000, 0x0000, 0x0000, 0x0000, 0x0000,
0x0000, 0x0000, 0x0000, 0x0000, 0x0000, 0x0000, 0x2000, 0x2100, 0x0100, 0x2100, 0x4100, 0x4100,
0x6000, 0x6000, 0x6100, 0x6100, 0x6100, 0x8100, 0x8200, 0xA200, 0x8200, 0x8300, 0xA400, 0xA300,
0xE408, 0x4709, 0x0B02, 0x570C, 0xDF86, 0xFFFF, 0xFFFF, 0xFFFF, 0xFFFF, 0xFFFF, 0xFFFF, 0xDF86,
0x3F46, 0xFFFF, 0xFFFF, 0xFFFF, 0xFFFF, 0xFFFF, 0xFFFF, 0xDF86, 0x780C, 0x510B, 0x100B, 0xCF02,
0xAD02, 0x8E02, 0x8D02, 0x8E02, 0x6D0A, 0x4D0A, 0x4C02, 0x4C02, 0x2C02, 0x0B02, 0xEA01, 0xCA01,
0x6701, 0x0501, 0xA400, 0x8300, 0x6200, 0x4100, 0x4100, 0x4100, 0x2000, 0x2000, 0x0000, 0x0000,
0x0000, 0x0000, 0x0000, 0x0000, 0x0000, 0x0000, 0x0000, 0x0000, 0x0000, 0x0000, 0x0000, 0x0000,
0x0000, 0x0000, 0x0000, 0x0000, 0x0000, 0x0000, 0x2000, 0x2000, 0x2100, 0x4100, 0x4100, 0x6200,
0x8300, 0xA400, 0x0501, 0x8701, 0xCA01, 0x0B02, 0x4C02, 0x6C02, 0x8E02, 0xF002, 0x710B, 0x9804,
0xDF86, 0xFFFF, 0xFFFF, 0xFFFF, 0xFFFF, 0xFFFF, 0xFFFF, 0xDF86, 0x3704, 0xCA01, 0x2601, 0xA300,
0x6200, 0x4200, 0x4100, 0x2100, 0x0000, 0x0000, 0x0000, 0x0000, 0x0000, 0x0000, 0x0000, 0x0000,
0x0000, 0x0000, 0x0000, 0x0000, 0x0000, 0x0000, 0x0000, 0x0000, 0x0000, 0x0000, 0x0000, 0x0000,
0x0000, 0x0000, 0x0000, 0x0000, 0x0000, 0x0000, 0x0000, 0x0000, 0x0000, 0x0000, 0x0000, 0x0000,
0x0000, 0x0000, 0x0000, 0x0000, 0x0000, 0x0000, 0x0000, 0x0000, 0x0000, 0x0000, 0x0000, 0x0000,
0x0000, 0x0100, 0x2100, 0x2100, 0x2100, 0x2100, 0x2100, 0x2100, 0x4100, 0x4100, 0x6200, 0x6200,
0x8200, 0x8200, 0xA400, 0xA300, 0xE400, 0x2601, 0xEA01, 0x1604, 0xFF7E, 0xDF86, 0xFF7E, 0xDF86,
0xDF86, 0xFF7E, 0xDF86, 0xDF7E, 0x3F46, 0xDF7E, 0xDF7E, 0xDF86, 0xDF86, 0xDF7E, 0xDF86, 0xDF86,
0x5E05, 0x980C, 0x990C, 0x9904, 0x9904, 0x9A04, 0x990C, 0x9A04, 0x9A0C, 0x9A04, 0x9904, 0x9904,
0x9904, 0x7804, 0x3804, 0x1704, 0x0A0A, 0x8801, 0xE500, 0xA300, 0x8200, 0x6100, 0x6100, 0x4100,
0x2000, 0x2000, 0x2000, 0x0000, 0x0000, 0x0000, 0x0000, 0x0000, 0x0000, 0x0000, 0x0000, 0x0000,
0x0000, 0x0000, 0x0000, 0x0000, 0x0000, 0x0000, 0x0000, 0x0000, 0x0000, 0x2000, 0x2000, 0x2000,
0x4100, 0x6100, 0x6100, 0x8200, 0xA300, 0xE500, 0x8701, 0x2A0A, 0x3704, 0x7804, 0x9904, 0x780C,
0x990C, 0x9904, 0x9804, 0x5D05, 0xDF76, 0xDF86, 0xFF7E, 0xDF86, 0xDF86, 0xFF7E, 0xDF86, 0xFF7E,
0x1704, 0xA901, 0x0501, 0x8300, 0x6200, 0x4100, 0x4100, 0x2100, 0x0000, 0x0000, 0x0000, 0x0000,
0x0000, 0x0000, 0x0000, 0x0000, 0x0000, 0x0000, 0x0000, 0x0000, 0x0000, 0x0000, 0x0000, 0x0000,
0x0000, 0x0000, 0x0000, 0x0000, 0x0000, 0x0000, 0x0000, 0x0000, 0x0000, 0x0000, 0x0000, 0x0000,
0x0000, 0x0000, 0x0000, 0x0000, 0x0000, 0x0000, 0x0000, 0x0000, 0x0000, 0x0000, 0x0000, 0x0000,
0x0000, 0x0000, 0x0000, 0x0000, 0x0000, 0x0000, 0x0000, 0x0000, 0x2000, 0x2000, 0x2000, 0x2000,
0x2000, 0x4100, 0x4100, 0x4100, 0x6100, 0x8200, 0x8200, 0x8200, 0xA300, 0x0501, 0x8801, 0x2A0A,
0x1704, 0x3804, 0x7804, 0x9904, 0x9904, 0x9904, 0x9A04, 0x9A0C, 0x9A04, 0x990C, 0x9A04, 0x9904,
0x9904, 0x990C, 0x980C, 0x5E05, 0xDF76, 0xDF86, 0xFF7E, 0xDF86, 0xDF86, 0xFF7E, 0xDF86, 0xFF7E,
0x3F46, 0xDF7E, 0xDF7E, 0xDF86, 0xDF86, 0xDF7E, 0xDF86, 0xDF86, 0x1704, 0xCA01, 0x0609, 0xE400,
0xA200, 0x8300, 0x6200, 0x6100, 0x4100, 0x4100, 0x2100, 0x0000, 0x0000, 0x0000, 0x0000, 0x2000,
0x0000, 0x0000, 0x0000, 0x0000, 0x0000, 0x0000, 0x0000, 0x0000, 0x2000, 0x0000, 0x0000, 0x0000,
0x0000, 0x2100, 0x4100, 0x4100, 0x6100, 0x6200, 0x8300, 0xA200, 0xE400, 0x0609, 0xCA01, 0x3704,
0xFF7E, 0xDF86, 0xFF7E, 0xDF86, 0xDF86, 0xFF7E, 0xDF86, 0xDF7E, 0x5D05, 0x9804, 0x990C, 0x790C,
0x780C, 0x9904, 0x7804, 0x1704, 0x0A0A, 0x6701, 0xC500, 0x8300, 0x6100, 0x4100, 0x4100, 0x2000,
0x0000, 0x0000, 0x0000, 0x0000, 0x0000, 0x0000, 0x0000, 0x0000, 0x0000, 0x0000, 0x0000, 0x0000,
0x0000, 0x0000, 0x0000, 0x0000, 0x0000, 0x0000, 0x0000, 0x0000, 0x0000, 0x0000, 0x0000, 0x0000,
0x0000, 0x0000, 0x0000, 0x0000, 0x0000, 0x0000, 0x0000, 0x0000, 0x0000, 0x0000, 0x0000, 0x0000,
0x0000, 0x0000, 0x0000, 0x0000, 0x0000, 0x0000, 0x0000, 0x0000, 0x0000, 0x0000, 0x0000, 0x0000,
0x2000, 0x2000, 0x2000, 0x2000, 0x2000, 0x2000, 0x2000, 0x4100, 0x4100, 0x6100, 0x6100, 0x6200,
0x8300, 0xA400, 0x0501, 0x6701, 0xCA01, 0xEA01, 0x0B02, 0x2C02, 0x4C02, 0x4C02, 0x4D0A, 0x6D0A,
0x8E02, 0x8D02, 0x8E02, 0xAD02, 0xCF02, 0x100B, 0x510B, 0x780C, 0xDF86, 0xFFFF, 0xFFFF, 0xFFFF,
0xFFFF, 0xFFFF, 0xFFFF, 0xDF86, 0x3F46, 0xFFFF, 0xFFFF, 0xFFFF, 0xFFFF, 0xFFFF, 0xFFFF, 0xDF86,
0x7804, 0x0B02, 0x2609, 0xE400, 0xC200, 0xA300, 0x6208, 0x6200, 0x6100, 0x4100, 0x2100, 0x2100,
0x2100, 0x2000, 0x0000, 0x0000, 0x0000, 0x0000, 0x0000, 0x0000, 0x0000, 0x0000, 0x0000, 0x0000,
0x0000, 0x0000, 0x2000, 0x2100, 0x2100, 0x2100, 0x4100, 0x6100, 0x6200, 0x6208, 0x8300, 0xA200,
0x0409, 0x4709, 0x0B02, 0x7804, 0xDF86, 0xFFFF, 0xFFFF, 0xFFFF, 0xFFFF, 0xFFFF, 0xFFFF, 0xDF86,
0x9804, 0x710B, 0xF002, 0x8E02, 0x6C0A, 0x4C02, 0x0B02, 0xCA01, 0x8701, 0x0501, 0xA400, 0x8200,
0x6100, 0x4100, 0x4100, 0x2000, 0x0000, 0x0000, 0x0000, 0x0000, 0x0000, 0x0000, 0x0000, 0x0000,
0x0000, 0x0000, 0x0000, 0x0000, 0x0000, 0x0000, 0x0000, 0x0000, 0x0000, 0x0000, 0x0000, 0x0000,
0x0000, 0x0000, 0x0000, 0x0000, 0x0000, 0x0000, 0x0000, 0x0000, 0x0000, 0x0000, 0x0000, 0x0000,
0x0000, 0x0000, 0x0000, 0x0000, 0x0000, 0x0000, 0x0000, 0x0000, 0x0000, 0x0000, 0x0000, 0x0000,
0x0000, 0x0000, 0x0000, 0x0000, 0x0000, 0x0000, 0x0000, 0x0000, 0x0000, 0x2000, 0x2000, 0x2000,
0x2100, 0x2100, 0x4100, 0x4100, 0x6200, 0x8300, 0xA300, 0xE500, 0x0501, 0x4601, 0x6701, 0x8701,
0xA701, 0xA801, 0xA801, 0xA801, 0xC901, 0xA809, 0xC901, 0xC901, 0x0B02, 0x6D02, 0xF00A, 0x990C,
0xFF7E, 0xFFFF, 0xFFFF, 0xFFFF, 0xFFFF, 0xFFFF, 0xFFFF, 0xFF7E, 0x5F3E, 0xFFFF, 0xFFFF, 0xFFFF,
0xFFFF, 0xFFFF, 0xFFFF, 0xFF7E, 0x9804, 0x4C02, 0x6801, 0x2501, 0xE300, 0xC400, 0xA300, 0x8300,
0x6100, 0x4100, 0x2100, 0x2100, 0x2000, 0x2000, 0x0000, 0x0000, 0x0000, 0x0000, 0x0000, 0x0000,
0x0000, 0x0000, 0x0000, 0x0000, 0x0000, 0x0000, 0x2000, 0x2000, 0x2100, 0x2100, 0x4100, 0x6100,
0x8300, 0x8300, 0xA400, 0xE300, 0x2501, 0x8801, 0x4C02, 0x9804, 0xFF7E, 0xFFFF, 0xFFFF, 0xFFFF,
0xFFFF, 0xFFFF, 0xFFFF, 0xFF7E, 0x9904, 0xF002, 0x2D02, 0xCA01, 0x8809, 0x8801, 0x4709, 0x0609,
0xE500, 0xA400, 0x8300, 0x6200, 0x4100, 0x4000, 0x2000, 0x0000, 0x0000, 0x0000, 0x0000, 0x0000,
0x0000, 0x0000, 0x0000, 0x0000, 0x0000, 0x0000, 0x0000, 0x0000, 0x0000, 0x0000, 0x0000, 0x0000,
0x0000, 0x0000, 0x0000, 0x0000, 0x0000, 0x0000, 0x0000, 0x0000, 0x0000, 0x0000, 0x0000, 0x0000,
0x0000, 0x0000, 0x0000, 0x0000, 0x0000, 0x0000, 0x0000, 0x0000, 0x0000, 0x0000, 0x0000, 0x0000,
0x0000, 0x0000, 0x0000, 0x0000, 0x0000, 0x0000, 0x0000, 0x0000, 0x0000, 0x0000, 0x0000, 0x0000,
0x0000, 0x0000, 0x0000, 0x0000, 0x0100, 0x2000, 0x2000, 0x4100, 0x6100, 0x6200, 0x8200, 0xA300,
0xA300, 0xA300, 0xC400, 0xE400, 0xE500, 0x0501, 0x0501, 0x0501, 0x4501, 0x2509, 0x6601, 0x6601,
0x8801, 0x0B02, 0xAF02, 0x9904, 0xDF86, 0xFFFF, 0xFFFF, 0xFFFF, 0xFFFF, 0xFFFF, 0xFFFF, 0xDF86,
0x3F46, 0xFFFF, 0xDFFF, 0xFFFF, 0xFFFF, 0xFFFF, 0xFFFF, 0xDF86, 0x780C, 0x6D0A, 0x8809, 0x4509,
0xE300, 0xE300, 0xC200, 0xA200, 0x8200, 0x6200, 0x4100, 0x2100, 0x2000, 0x2000, 0x0000, 0x0000,
0x0000, 0x0000, 0x0000, 0x0000, 0x0000, 0x0000, 0x0000, 0x0000, 0x0000, 0x0000, 0x2000, 0x2000,
0x2100, 0x4100, 0x6200, 0x8200, 0xA200, 0xA200, 0xE300, 0x0301, 0x4509, 0x8809, 0x6C02, 0x780C,
0xDF86, 0xFFFF, 0xFFFF, 0xFFFF, 0xFFFF, 0xFFFF, 0xFFFF, 0xDF86, 0x990C, 0x8E02, 0xCA01, 0x6701,
0x4501, 0x2501, 0x0401, 0xE400, 0xA300, 0x8300, 0x6200, 0x4100, 0x2000, 0x2000, 0x2000, 0x0000,
0x0000, 0x0000, 0x0000, 0x0000, 0x0000, 0x0000, 0x0000, 0x0000, 0x0000, 0x0000, 0x0000, 0x0000,
0x0000, 0x0000, 0x0000, 0x0000, 0x0000, 0x0000, 0x0000, 0x0000, 0x0000, 0x0000, 0x0000, 0x0000,
0x0000, 0x0000, 0x0000, 0x0000, 0x0000, 0x0000, 0x0000, 0x0000, 0x0000, 0x0000, 0x0000, 0x0000,
0x0000, 0x0000, 0x0000, 0x0000, 0x0000, 0x0000, 0x0000, 0x0000, 0x0000, 0x0000, 0x0000, 0x0000,
0x0000, 0x0000, 0x0000, 0x0000, 0x0000, 0x0000, 0x0000, 0x0000, 0x0000, 0x2000, 0x2000, 0x4000,
0x4100, 0x4100, 0x4100, 0x6100, 0x6200, 0x8200, 0x8200, 0xA200, 0xA300, 0xA300, 0xC300, 0xC300,
0xE400, 0xE300, 0x0501, 0x0409, 0x4501, 0xA801, 0x6D02, 0x780C, 0xDF86, 0xFFFF, 0xFFFF, 0xFFFF,
0xFFFF, 0xFFFF, 0xFFFF, 0xDF86, 0x3F46, 0xFFFF, 0xDFFF, 0xFFFF, 0xFFFF, 0xFFFF, 0xFFFF, 0xDF86,
0x790C, 0x8E02, 0xCA01, 0x6809, 0x4509, 0x2501, 0xE400, 0xE400, 0xA300, 0x8300, 0x6200, 0x4100,
0x4100, 0x4000, 0x2100, 0x0000, 0x0000, 0x0000, 0x0000, 0x0000, 0x0000, 0x0000, 0x0000, 0x0000,
0x0000, 0x2100, 0x4000, 0x4100, 0x4100, 0x6200, 0x8300, 0xA300, 0xE400, 0x0401, 0x2501, 0x4509,
0x6701, 0xCA01, 0xAF0A, 0x790C, 0xDF86, 0xFFFF, 0xFFFF, 0xFFFF, 0xFFFF, 0xFFFF, 0xFFFF, 0xDF86,
0x780C, 0x6C02, 0x8809, 0x4501, 0x0301, 0xE300, 0xC200, 0xA200, 0x8200, 0x6200, 0x4100, 0x2100,
0x2000, 0x2000, 0x2000, 0x0000, 0x0000, 0x0000, 0x0000, 0x0000, 0x0000, 0x0000, 0x0000, 0x0000,
0x0000, 0x0000, 0x0000, 0x0000, 0x0000, 0x0000, 0x0000, 0x0000, 0x0000, 0x0000, 0x0000, 0x0000,
0x0000, 0x0000, 0x0000, 0x0000, 0x0000, 0x0000, 0x0000, 0x0000, 0x0000, 0x0000, 0x0000, 0x0000,
0x0000, 0x0000, 0x0000, 0x0000, 0x0000, 0x0000, 0x0000, 0x0000, 0x0000, 0x0000, 0x0000, 0x0000,
0x0000, 0x0000, 0x0000, 0x0000, 0x0000, 0x0000, 0x0000, 0x0000, 0x0000, 0x0000, 0x0000, 0x0000,
0x0000, 0x2000, 0x2000, 0x2000, 0x2000, 0x2000, 0x4100, 0x6100, 0x4200, 0x4200, 0x4200, 0x6200,
0x8200, 0x8200, 0x8300, 0xA300, 0xC400, 0xC400, 0xE500, 0xE400, 0x2601, 0x8801, 0x4C02, 0x780C,
0xFF7E, 0xFFFF, 0xFFFF, 0xFFFF, 0xFFFF, 0xFFFF, 0xFFFF, 0xFF7E, 0x5F3E, 0xFFFF, 0xFFFF, 0xFFFF,
0xFFFF, 0xFFFF, 0xFFFF, 0xFF7E, 0x9A0C, 0xF002, 0x2D02, 0xCA01, 0x8809, 0x6801, 0x2609, 0x0609,
0xE500, 0xA400, 0x8300, 0x6200, 0x4100, 0x4100, 0x2100, 0x0000, 0x0000, 0x0000, 0x0000, 0x0000,
0x0000, 0x0000, 0x0000, 0x0000, 0x0000, 0x2100, 0x4100, 0x4100, 0x6200, 0x8300, 0xA400, 0xE500,
0x0609, 0x4709, 0x6801, 0x8809, 0xCA01, 0x2D02, 0xF002, 0x990C, 0xFF7E, 0xFFFF, 0xFFFF, 0xFFFF,
0xFFFF, 0xFFFF, 0xFFFF, 0xFF7E, 0x9904, 0x4C02, 0x8801, 0x2501, 0xE300, 0xA400, 0x8300, 0x8300,
0x6100, 0x4100, 0x2100, 0x2100, 0x2000, 0x2000, 0x0000, 0x0000, 0x0000, 0x0000, 0x0000, 0x0000,
0x0000, 0x0000, 0x0000, 0x0000, 0x0000, 0x0000, 0x0000, 0x0000, 0x0000, 0x0000, 0x0000, 0x0000,
0x0000, 0x0000, 0x0000, 0x0000, 0x0000, 0x0000, 0x0000, 0x0000, 0x0000, 0x0000, 0x0000, 0x0000,
0x0000, 0x0000, 0x0000, 0x0000, 0x0000, 0x0000, 0x0000, 0x0000, 0x0000, 0x0000, 0x0000, 0x0000,
0x0000, 0x0000, 0x0000, 0x0000, 0x0000, 0x0000, 0x0000, 0x0000, 0x0000, 0x0000, 0x0000, 0x0000,
0x0000, 0x0000, 0x0000, 0x0000, 0x0000, 0x0000, 0x2000, 0x2100, 0x0100, 0x2100, 0x4100, 0x4100,
0x6000, 0x6000, 0x6100, 0x6100, 0x6100, 0x8100, 0x8200, 0xA200, 0x8200, 0x8300, 0xA400, 0xA300,
0xE408, 0x4709, 0x0B02, 0x570C, 0xDF86, 0xFFFF, 0xFFFF, 0xFFFF, 0xFFFF, 0xFFFF, 0xFFFF, 0xDF86,
0x3F46, 0xFFFF, 0xFFFF, 0xFFFF, 0xFFFF, 0xFFFF, 0xFFFF, 0xDF86, 0xB804, 0x710B, 0xF002, 0x8E02,
0x6D0A, 0x4C02, 0x0B02, 0xCA01, 0x8801, 0x0501, 0xA400, 0x8200, 0x6100, 0x4100, 0x4100, 0x2000,
0x2000, 0x0000, 0x0000, 0x0000, 0x0000, 0x0000, 0x0000, 0x2000, 0x2000, 0x4100, 0x4100, 0x6100,
0x8200, 0xA400, 0x0501, 0x8801, 0xCA01, 0x0B02, 0x4C02, 0x6C02, 0x8E02, 0xF002, 0x710B, 0x9804,
0xDF86, 0xFFFF, 0xFFFF, 0xFFFF, 0xFFFF, 0xFFFF, 0xFFFF, 0xDF86, 0x7804, 0x0B02, 0x4709, 0x0409,
0xA200, 0x8300, 0x6208, 0x6200, 0x6100, 0x4100, 0x2100, 0x0100, 0x2000, 0x2000, 0x0000, 0x0000,
0x0000, 0x0000, 0x0000, 0x0000, 0x0000, 0x0000, 0x0000, 0x0000, 0x0000, 0x0000, 0x0000, 0x0000,
0x0000, 0x0000, 0x0000, 0x0000, 0x0000, 0x0000, 0x0000, 0x0000, 0x0000, 0x0000, 0x0000, 0x0000,
0x0000, 0x0000, 0x0000, 0x0000, 0x0000, 0x0000, 0x0000, 0x0000, 0x0000, 0x0000, 0x0000, 0x0000,
0x0000, 0x0000, 0x0000, 0x0000, 0x0000, 0x0000, 0x0000, 0x0000, 0x0000, 0x0000, 0x0000, 0x0000,
0x0000, 0x0000, 0x0000, 0x0000, 0x0000, 0x0000, 0x0000, 0x0000, 0x0000, 0x0000, 0x0000, 0x0000,
0x0000, 0x0100, 0x2100, 0x2100, 0x2100, 0x2100, 0x2100, 0x2100, 0x4100, 0x4100, 0x6200, 0x6200,
0x8200, 0x8200, 0xA400, 0xA300, 0xE400, 0x2601, 0xEA01, 0x1604, 0xFF7E, 0xDF86, 0xFF7E, 0xDF86,
0xDF86, 0xFF7E, 0xDF86, 0xDF7E, 0x3F46, 0xDF7E, 0xDF7E, 0xDF86, 0xDF86, 0xDF7E, 0xDF86, 0xDF86,
0x5D05, 0xB804, 0x9A0C, 0x790C, 0x780C, 0x9804, 0x7804, 0x1704, 0x0A0A, 0x6701, 0xC400, 0x8300,
0x6100, 0x4100, 0x4100, 0x2000, 0x2000, 0x0000, 0x0000, 0x0000, 0x0000, 0x0000, 0x0000, 0x2000,
0x2000, 0x4100, 0x4100, 0x6100, 0x8300, 0xC400, 0x6701, 0x0A0A, 0x3704, 0x7804, 0x9804, 0x780C,
0x790C, 0x990C, 0x9804, 0x5D05, 0xDF76, 0xDF86, 0xFF7E, 0xDF86, 0xDF86, 0xFF7E, 0xDF86, 0xFF7E,
0x3704, 0xCA01, 0x0609, 0xE400, 0xA200, 0x8300, 0x6200, 0x6100, 0x4100, 0x4100, 0x2100, 0x0000,
0x0000, 0x0000, 0x0000, 0x2000, 0x0000, 0x0000, 0x0000, 0x0000, 0x0000, 0x0000, 0x0000, 0x0000,
0x0000, 0x0000, 0x0000, 0x0000, 0x0000, 0x0000, 0x0000, 0x0000, 0x0000, 0x0000, 0x0000, 0x0000,
0x0000, 0x0000, 0x0000, 0x0000, 0x0000, 0x0000, 0x0000, 0x0000, 0x0000, 0x0000, 0x0000, 0x0000,
0x0000, 0x0000, 0x0000, 0x0000, 0x0000, 0x0000, 0x0000, 0x0000, 0x0000, 0x0000, 0x0000, 0x0000,
0x0000, 0x0000, 0x0000, 0x0000, 0x0000, 0x0000, 0x0000, 0x0000, 0x0000, 0x0000, 0x0000, 0x0000,
0x0000, 0x0000, 0x0000, 0x0000, 0x0000, 0x0000, 0x0000, 0x0000, 0x2000, 0x2000, 0x2000, 0x2000,
0x2000, 0x4100, 0x4100, 0x4100, 0x6100, 0x8200, 0x8200, 0x8200, 0xA400, 0xE500, 0x6801, 0x2A0A,
0x1704, 0x3704, 0x7804, 0x7904, 0x9904, 0x9904, 0x9A04, 0x9A04, 0xBA04, 0x990C, 0x9904, 0xB90C,
0x9904, 0x9904, 0x9904, 0x5D05, 0xBF7E, 0xDF86, 0xDF7E, 0xDF86, 0xDF86, 0xFF7E, 0xDF86, 0xDF7E,
0x1704, 0xAA01, 0x2501, 0xA300, 0x8200, 0x4100, 0x4000, 0x2100, 0x2100, 0x0000, 0x0000, 0x0000,
0x0000, 0x0000, 0x0000, 0x2100, 0x2100, 0x4000, 0x4100, 0x8200, 0xA300, 0x2501, 0xAA01, 0x1704,
0xDF86, 0xDF86, 0xFF7E, 0xDF86, 0xDF86, 0xFF7E, 0xDF86, 0xDF86, 0x3E05, 0x9804, 0x990C, 0x9904,
0x990C, 0x790C, 0x380C, 0x1604, 0x2B0A, 0x8801, 0xE500, 0xA300, 0x8200, 0x6200, 0x6100, 0x4100,
0x2000, 0x2000, 0x2000, 0x0000, 0x0000, 0x0000, 0x0000, 0x0000, 0x0000, 0x0000, 0x0000, 0x0000,
0x0000, 0x0000, 0x0000, 0x0000, 0x0000, 0x0000, 0x0000, 0x0000, 0x0000, 0x0000, 0x0000, 0x0000,
0x0000, 0x0000, 0x0000, 0x0000, 0x0000, 0x0000, 0x0000, 0x0000, 0x0000, 0x0000, 0x0000, 0x0000,
0x0000, 0x0000, 0x0000, 0x0000, 0x0000, 0x0000, 0x0000, 0x0000, 0x0000, 0x0000, 0x0000, 0x0000,
0x0000, 0x0000, 0x0000, 0x0000, 0x0000, 0x0000, 0x0000, 0x0000, 0x0000, 0x0000, 0x0000, 0x0000,
0x0000, 0x0000, 0x0000, 0x0000, 0x0000, 0x0000, 0x0000, 0x0000, 0x0000, 0x0000, 0x0000, 0x0000,
0x2000, 0x2000, 0x2000, 0x2000, 0x2000, 0x2000, 0x2000, 0x4100, 0x4100, 0x4100, 0x6100, 0x6200,
0x8300, 0xA400, 0x0601, 0x8801, 0xCA01, 0xEA01, 0x0B02, 0x2B02, 0x2C02, 0x4C02, 0x4D0A, 0x6D0A,
0x8E02, 0x8D02, 0x8E02, 0xAD02, 0xCF02, 0x110B, 0x7213, 0x990C, 0xDF7E, 0xFFFF, 0xFFFF, 0xFFFF,
0xFFFF, 0xFFFF, 0xFFFF, 0xDF7E, 0x3804, 0xEA01, 0x4601, 0xA400, 0x8200, 0x4200, 0x6100, 0x2100,
0x2100, 0x0000, 0x0000, 0x0000, 0x0000, 0x0000, 0x0000, 0x2100, 0x2100, 0x6100, 0x4200, 0x8200,
0xA400, 0x4601, 0xEA01, 0x3804, 0xDF86, 0xFFFF, 0xFFFF, 0xFFFF, 0xFFFF, 0xFFFF, 0xFFFF, 0xDF86,
0x990C, 0x710B, 0xF00A, 0xAE02, 0x8D02, 0x4D02, 0x2C02, 0x0A02, 0x8801, 0x2601, 0xA400, 0x8300,
0x6200, 0x4100, 0x4100, 0x2100, 0x2000, 0x2000, 0x0000, 0x0000, 0x0000, 0x0000, 0x0000, 0x0000,
0x0000, 0x0000, 0x0000, 0x0000, 0x0000, 0x0000, 0x0000, 0x0000, 0x0000, 0x0000, 0x0000, 0x0000,
0x0000, 0x0000, 0x0000, 0x0000, 0x0000, 0x0000, 0x0000, 0x0000, 0x0000, 0x0000, 0x0000, 0x0000,
0x0000, 0x0000, 0x0000, 0x0000, 0x0000, 0x0000, 0x0000, 0x0000, 0x0000, 0x0000, 0x0000, 0x0000,
0x0000, 0x0000, 0x0000, 0x0000, 0x0000, 0x0000, 0x0000, 0x0000, 0x0000, 0x0000, 0x0000, 0x0000,
0x0000, 0x0000, 0x0000, 0x0000, 0x0000, 0x0000, 0x0000, 0x0000, 0x0000, 0x0000, 0x0000, 0x0000,
0x0000, 0x0000, 0x0000, 0x0000, 0x0000, 0x0000, 0x0000, 0x0000, 0x0000, 0x2000, 0x2000, 0x2000,
0x2100, 0x4100, 0x4100, 0x4100, 0x6200, 0x8300, 0xA400, 0xE500, 0x2501, 0x4601, 0x6701, 0x8701,
0x8801, 0xA801, 0xA801, 0xC901, 0xA901, 0xC909, 0xCA01, 0xE909, 0x0B02, 0x6E02, 0x110B, 0x9A0C,
0xFF7E, 0xFFFF, 0xFFFF, 0xFFFF, 0xFFFF, 0xFFFF, 0xFFFF, 0xFF7E, 0x7804, 0x0B02, 0x6701, 0xC400,
0x8200, 0x4200, 0x6100, 0x2100, 0x2100, 0x2000, 0x0000, 0x0000, 0x0000, 0x0000, 0x2000, 0x2100,
0x2100, 0x6100, 0x4200, 0x8200, 0xC400, 0x6701, 0x0B02, 0x7804, 0xDF7E, 0xFFFF, 0xFFFF, 0xFFFF,
0xFFFF, 0xFFFF, 0xFFFF, 0xDF7E, 0x9A0C, 0xF00A, 0x4D02, 0x0A02, 0xA801, 0x8801, 0x6709, 0x4601,
0xE500, 0xC400, 0x8300, 0x6200, 0x4100, 0x4100, 0x2100, 0x0100, 0x2000, 0x0000, 0x0000, 0x0000,
0x0000, 0x0000, 0x0000, 0x0000, 0x0000, 0x0000, 0x0000, 0x0000, 0x0000, 0x0000, 0x0000, 0x0000,
0x0000, 0x0000, 0x0000, 0x0000, 0x0000, 0x0000, 0x0000, 0x0000, 0x0000, 0x0000, 0x0000, 0x0000,
0x0000, 0x0000, 0x0000, 0x0000, 0x0000, 0x0000, 0x0000, 0x0000, 0x0000, 0x0000, 0x0000, 0x0000,
0x0000, 0x0000, 0x0000, 0x0000, 0x0000, 0x0000, 0x0000, 0x0000, 0x0000, 0x0000, 0x0000, 0x0000,
0x0000, 0x0000, 0x0000, 0x0000, 0x0000, 0x0000, 0x0000, 0x0000, 0x0000, 0x0000, 0x0000, 0x0000,
0x0000, 0x0000, 0x0000, 0x0000, 0x0000, 0x0000, 0x0000, 0x0000, 0x0000, 0x0000, 0x0000, 0x0000,
0x0000, 0x0000, 0x0000, 0x0000, 0x0000, 0x2100, 0x4000, 0x4100, 0x4100, 0x6200, 0x6200, 0x8300,
0xA300, 0xA400, 0xC400, 0xE400, 0xE500, 0x0501, 0x0501, 0x0601, 0x2601, 0x4609, 0x6709, 0x8609,
0xC801, 0x0B02, 0xCF02, 0x9904, 0xDF86, 0xFFFF, 0xFFFF, 0xFFFF, 0xFFFF, 0xFFFF, 0xFFFF, 0xDF86,
0x7904, 0x2C02, 0x8701, 0xE500, 0x8300, 0x6200, 0x6100, 0x2100, 0x2100, 0x2000, 0x0000, 0x0000,
0x0000, 0x0000, 0x2000, 0x2100, 0x2100, 0x6100, 0x6200, 0x8300, 0xE500, 0x8701, 0x2C02, 0x7904,
0xDF86, 0xFFFF, 0xFFFF, 0xFFFF, 0xFFFF, 0xFFFF, 0xFFFF, 0xDF86, 0x9904, 0xCE02, 0x0B02, 0xA801,
0x4509, 0x2609, 0x0409, 0xE400, 0xA300, 0x8300, 0x6200, 0x6100, 0x4000, 0x2000, 0x2000, 0x0100,
0x0000, 0x0000, 0x0000, 0x0000, 0x0000, 0x0000, 0x0000, 0x0000, 0x0000, 0x0000, 0x0000, 0x0000,
0x0000, 0x0000, 0x0000, 0x0000, 0x0000, 0x0000, 0x0000, 0x0000, 0x0000, 0x0000, 0x0000, 0x0000,
0x0000, 0x0000, 0x0000, 0x0000, 0x0000, 0x0000, 0x0000, 0x0000, 0x0000, 0x0000, 0x0000, 0x0000,
0x0000, 0x0000, 0x0000, 0x0000, 0x0000, 0x0000, 0x0000, 0x0000, 0x0000, 0x0000, 0x0000, 0x0000,
0x0000, 0x0000, 0x0000, 0x0000, 0x0000, 0x0000, 0x0000, 0x0000, 0x0000, 0x0000, 0x0000, 0x0000,
0x0000, 0x0000, 0x0000, 0x0000, 0x0000, 0x0000, 0x0000, 0x0000, 0x0000, 0x0000, 0x0000, 0x0000,
0x0000, 0x0000, 0x0000, 0x0000, 0x0000, 0x0000, 0x0000, 0x0000, 0x0000, 0x2000, 0x2000, 0x2000,
0x4000, 0x4100, 0x6100, 0x8200, 0x8200, 0x8200, 0x8200, 0xA300, 0xA300, 0xC300, 0xC400, 0xE400,
0xE400, 0x0509, 0x0501, 0x2409, 0x8609, 0xE909, 0xAD02, 0x990C, 0xDF86, 0xFFFF, 0xFFFF, 0xFFFF,
0xFFFF, 0xDFFF, 0xFFFF, 0xDF86, 0x9904, 0x4C02, 0x8801, 0xE500, 0xA300, 0x6200, 0x6100, 0x4100,
0x2100, 0x2000, 0x0000, 0x0000, 0x0000, 0x0000, 0x2000, 0x2100, 0x4100, 0x6100, 0x6200, 0xA300,
0xE500, 0x8801, 0x4C02, 0x9904, 0xDF86, 0xFFFF, 0xFFFF, 0xFFFF, 0xFFFF, 0xFFFF, 0xFFFF, 0xDF86,
0x980C, 0xAD02, 0xC909, 0x6609, 0x0309, 0xE400, 0xC308, 0xA300, 0xA300, 0x6200, 0x6100, 0x4000,
0x2000, 0x2000, 0x2000, 0x0000, 0x0000, 0x0000, 0x0000, 0x0000, 0x0000, 0x0000, 0x0000, 0x0000,
0x0000, 0x0000, 0x0000, 0x0000, 0x0000, 0x0000, 0x0000, 0x0000, 0x0000, 0x0000, 0x0000, 0x0000,
0x0000, 0x0000, 0x0000, 0x0000, 0x0000, 0x0000, 0x0000, 0x0000, 0x0000, 0x0000, 0x0000, 0x0000,
0x0000, 0x0000, 0x0000, 0x0000, 0x0000, 0x0000, 0x0000, 0x0000, 0x0000, 0x0000, 0x0000, 0x0000,
0x0000, 0x0000, 0x0000, 0x0000, 0x0000, 0x0000, 0x0000, 0x0000, 0x0000, 0x0000, 0x0000, 0x0000,
0x0000, 0x0000, 0x0000, 0x0000, 0x0000, 0x0000, 0x0000, 0x0000, 0x0000, 0x0000, 0x0000, 0x0000,
0x0000, 0x0000, 0x0000, 0x0000, 0x0000, 0x0000, 0x0000, 0x0000, 0x0000, 0x0000, 0x0000, 0x0000,
0x0000, 0x2000, 0x2000, 0x4000, 0x2000, 0x2100, 0x4100, 0x6100, 0x6200, 0x6200, 0x6200, 0x6300,
0x8300, 0x8300, 0xA300, 0xC400, 0xE500, 0xE500, 0x0601, 0x2501, 0x6709, 0xEA09, 0xAE02, 0x9904,
0xFF7E, 0xFFFF, 0xFFFF, 0xFFFF, 0xFFFF, 0xFFFF, 0xFFFF, 0xFF7E, 0x7904, 0x4C02, 0x8801, 0xE500,
0xA300, 0x8200, 0x6100, 0x4100, 0x2100, 0x2000, 0x0000, 0x0000, 0x0000, 0x0000, 0x2000, 0x2100,
0x4100, 0x6100, 0x8200, 0xA300, 0xE500, 0x8801, 0x4C02, 0x7904, 0xDF7E, 0xFFFF, 0xFFFF, 0xDFFF,
0xDFFF, 0xFFFF, 0xFFFF, 0xDF7E, 0x9904, 0x8E02, 0xCA01, 0x6701, 0x0401, 0xE500, 0xC400, 0xA400,
0x8200, 0x6100, 0x4100, 0x4100, 0x4000, 0x4000, 0x2000, 0x0000, 0x0000, 0x0000, 0x0000, 0x0000,
0x0000, 0x0000, 0x0000, 0x0000, 0x0000, 0x0000, 0x0000, 0x0000, 0x0000, 0x0000, 0x0000, 0x0000,
0x0000, 0x0000, 0x0000, 0x0000, 0x0000, 0x0000, 0x0000, 0x0000, 0x0000, 0x0000, 0x0000, 0x0000,
0x0000, 0x0000, 0x0000, 0x0000, 0x0000, 0x0000, 0x0000, 0x0000, 0x0000, 0x0000, 0x0000, 0x0000,
0x0000, 0x0000, 0x0000, 0x0000, 0x0000, 0x0000, 0x0000, 0x0000, 0x0000, 0x0000, 0x0000, 0x0000,
0x0000, 0x0000, 0x0000, 0x0000, 0x0000, 0x0000, 0x0000, 0x0000, 0x0000, 0x0000, 0x0000, 0x0000,
0x0000, 0x0000, 0x0000, 0x0000, 0x0000, 0x0000, 0x0000, 0x0000, 0x0000, 0x0000, 0x0000, 0x0000,
0x0000, 0x0000, 0x0000, 0x0000, 0x0000, 0x0000, 0x2000, 0x2100, 0x2100, 0x2100, 0x4100, 0x6100,
0x8100, 0x8100, 0x8200, 0x8200, 0xA200, 0xA200, 0xC300, 0xE300, 0xC300, 0xC408, 0x0601, 0x0509,
0x6609, 0xC909, 0x8D02, 0x9904, 0xFF7E, 0xFFFF, 0xFFFF, 0xFFFF, 0xFFFF, 0xFFFF, 0xFFFF, 0xFF7E,
0x9904, 0x4C0A, 0xA801, 0xE500, 0xA300, 0x8200, 0x8100, 0x4100, 0x2100, 0x2000, 0x0000, 0x0000,
0x0000, 0x0000, 0x2000, 0x2100, 0x4100, 0x8100, 0x8200, 0xA300, 0xE500, 0xA801, 0x4C0A, 0x9904,
0xDF7E, 0xFFFF, 0xFFFF, 0xFFFF, 0xFFFF, 0xFFFF, 0xFFFF, 0xDF7E, 0x990C, 0x8D0A, 0xCA09, 0x4609,
0x0409, 0xE400, 0xA300, 0x8300, 0x8200, 0x6100, 0x4100, 0x4100, 0x2000, 0x2000, 0x2000, 0x0000,
0x0000, 0x0000, 0x0000, 0x0000, 0x0000, 0x0000, 0x0000, 0x0000, 0x0000, 0x0000, 0x0000, 0x0000,
0x0000, 0x0000, 0x0000, 0x0000, 0x0000, 0x0000, 0x0000, 0x0000, 0x0000, 0x0000, 0x0000, 0x0000,
0x0000, 0x0000, 0x0000, 0x0000, 0x0000, 0x0000, 0x0000, 0x0000, 0x0000, 0x0000, 0x0000, 0x0000,
0x0000, 0x0000, 0x0000, 0x0000, 0x0000, 0x0000, 0x0000, 0x0000, 0x0000, 0x0000, 0x0000, 0x0000,
0x0000, 0x0000, 0x0000, 0x0000, 0x0000, 0x0000, 0x0000, 0x0000, 0x0000, 0x0000, 0x0000, 0x0000,
0x0000, 0x0000, 0x0000, 0x0000, 0x0000, 0x0000, 0x0000, 0x0000, 0x0000, 0x0000, 0x0000, 0x0000,
0x0000, 0x0000, 0x0000, 0x0000, 0x0000, 0x0000, 0x0000, 0x0000, 0x0000, 0x0000, 0x0000, 0x0000,
0x0100, 0x2100, 0x4100, 0x4100, 0x4200, 0x4200, 0x6200, 0x6200, 0x6200, 0x8300, 0x8300, 0xA300,
0xE300, 0xE300, 0x0501, 0x0501, 0x6601, 0xE901, 0xAE02, 0xBA04, 0x3F46, 0x3F4E, 0x5F46, 0x3F46,
0x3F46, 0x5F46, 0x3F4E, 0x3F3E, 0x9A0C, 0x4C0A, 0xA801, 0xE500, 0xA300, 0x8200, 0x8100, 0x4100,
0x2100, 0x2000, 0x0000, 0x0000, 0x0000, 0x0000, 0x2000, 0x2100, 0x4100, 0x8100, 0x8200, 0xA300,
0xE500, 0xA801, 0x4C0A, 0x9A0C, 0x3F46, 0x3F46, 0x5F3E, 0x3F46, 0x3F46, 0x5F3E, 0x3F46, 0x3F46,
0xB904, 0xAE02, 0xCA01, 0x4601, 0x0401, 0x0401, 0xA200, 0xA200, 0x8200, 0x4100, 0x2100, 0x2100,
0x0000, 0x0000, 0x0000, 0x0000, 0x0000, 0x0000, 0x0000, 0x0000, 0x0000, 0x0000, 0x0000, 0x0000,
0x0000, 0x0000, 0x0000, 0x0000, 0x0000, 0x0000, 0x0000, 0x0000, 0x0000, 0x0000, 0x0000, 0x0000,
0x0000, 0x0000, 0x0000, 0x0000, 0x0000, 0x0000, 0x0000, 0x0000, 0x0000, 0x0000, 0x0000, 0x0000,
0x0000, 0x0000, 0x0000, 0x0000, 0x0000, 0x0000, 0x0000, 0x0000, 0x0000, 0x0000, 0x0000, 0x0000,
0x0000, 0x0000, 0x0000, 0x0000, 0x0000, 0x0000, 0x0000, 0x0000, 0x0000, 0x0000, 0x0000, 0x0000,
0x0000, 0x0000, 0x0000, 0x0000, 0x0000, 0x0000, 0x0000, 0x0000, 0x0000, 0x0000, 0x0000, 0x0000,
0x0000, 0x0000, 0x0000, 0x0000, 0x0000, 0x0000, 0x0000, 0x0000, 0x0000, 0x0000, 0x0000, 0x0000,
0x0000, 0x0000, 0x0000, 0x0000, 0x0100, 0x2100, 0x4100, 0x6100, 0x4200, 0x4200, 0x6200, 0x6200,
0x6200, 0x8300, 0x8300, 0xA300, 0xE300, 0xE300, 0x0501, 0x0501, 0x6601, 0xE901, 0xAE02, 0xBA04,
0xDF86, 0xDF86, 0xFF7E, 0xDF86, 0xDF86, 0xFF7E, 0xDF86, 0xDF86, 0x9A0C, 0x4C0A, 0xA801, 0xE500,
0xA300, 0x8200, 0x8100, 0x4100, 0x2100, 0x2000, 0x0000, 0x0000, 0x0000, 0x0000, 0x2000, 0x2100,
0x4100, 0x8100, 0x8200, 0xA300, 0xE500, 0xA801, 0x4C0A, 0x9A0C, 0xDF7E, 0xDF86, 0xFF7E, 0xDF86,
0xDF86, 0xFF7E, 0xDF86, 0xFF7E, 0xB904, 0xAE02, 0xCA01, 0x4601, 0x0401, 0x0401, 0xA200, 0xA200,
0x8200, 0x4100, 0x2100, 0x2100, 0x0000, 0x0000, 0x0000, 0x0000, 0x0000, 0x0000, 0x0000, 0x0000,
0x0000, 0x0000, 0x0000, 0x0000, 0x0000, 0x0000, 0x0000, 0x0000, 0x0000, 0x0000, 0x0000, 0x0000,
0x0000, 0x0000, 0x0000, 0x0000, 0x0000, 0x0000, 0x0000, 0x0000, 0x0000, 0x0000, 0x0000, 0x0000,
0x0000, 0x0000, 0x0000, 0x0000, 0x0000, 0x0000, 0x0000, 0x0000, 0x0000, 0x0000, 0x0000, 0x0000,
0x0000, 0x0000, 0x0000, 0x0000, 0x0000, 0x0000, 0x0000, 0x0000, 0x0000, 0x0000, 0x0000, 0x0000,
0x0000, 0x0000, 0x0000, 0x0000, 0x0000, 0x0000, 0x0000, 0x0000, 0x0000, 0x0000, 0x0000, 0x0000,
0x0000, 0x0000, 0x0000, 0x0000, 0x0000, 0x0000, 0x0000, 0x0000, 0x0000, 0x0000, 0x0000, 0x0000,
0x0000, 0x0000, 0x0000, 0x0000, 0x0000, 0x0000, 0x2000, 0x2000, 0x2100, 0x2100, 0x4100, 0x6100,
0x8100, 0x8100, 0x8200, 0x8200, 0xA200, 0xA200, 0xC300, 0xE300, 0xC300, 0xC408, 0x0601, 0x0509,
0x6609, 0xC909, 0x8D02, 0x9904, 0xDF86, 0xFFFF, 0xFFFF, 0xFFFF, 0xFFFF, 0xFFFF, 0xFFFF, 0xDF86,
0x9904, 0x4C0A, 0xA801, 0xE500, 0xA300, 0x8200, 0x8100, 0x4100, 0x2100, 0x2000, 0x0000, 0x0000,
0x0000, 0x0000, 0x2000, 0x2100, 0x4100, 0x8100, 0x8200, 0xA300, 0xE500, 0xA801, 0x4C0A, 0x9904,
0xDF86, 0xFFFF, 0xFFFF, 0xFFFF, 0xFFFF, 0xFFFF, 0xFFFF, 0xDF86, 0x990C, 0x8D0A, 0xCA09, 0x4609,
0x0409, 0xE400, 0xA300, 0x8300, 0x8200, 0x6100, 0x4100, 0x4100, 0x2000, 0x2000, 0x2000, 0x0000,
0x0000, 0x0000, 0x0000, 0x0000, 0x0000, 0x0000, 0x0000, 0x0000, 0x0000, 0x0000, 0x0000, 0x0000,
0x0000, 0x0000, 0x0000, 0x0000, 0x0000, 0x0000, 0x0000, 0x0000, 0x0000, 0x0000, 0x0000, 0x0000,
0x0000, 0x0000, 0x0000, 0x0000, 0x0000, 0x0000, 0x0000, 0x0000, 0x0000, 0x0000, 0x0000, 0x0000,
0x0000, 0x0000, 0x0000, 0x0000, 0x0000, 0x0000, 0x0000, 0x0000, 0x0000, 0x0000, 0x0000, 0x0000,
0x0000, 0x0000, 0x0000, 0x0000, 0x0000, 0x0000, 0x0000, 0x0000, 0x0000, 0x0000, 0x0000, 0x0000,
0x0000, 0x0000, 0x0000, 0x0000, 0x0000, 0x0000, 0x0000, 0x0000, 0x0000, 0x0000, 0x0000, 0x0000,
0x0000, 0x0000, 0x0000, 0x0000, 0x0000, 0x0000, 0x0000, 0x0000, 0x0000, 0x2000, 0x4000, 0x4000,
0x2000, 0x4100, 0x4100, 0x6100, 0x6200, 0x6200, 0x6200, 0x6300, 0x8300, 0x8300, 0xA300, 0xC400,
0xE500, 0xE500, 0x0601, 0x2501, 0x6709, 0xEA09, 0xAE02, 0x9904, 0xFF7E, 0xFFFF, 0xFFFF, 0xFFFF,
0xFFFF, 0xFFFF, 0xFFFF, 0xFF7E, 0x7904, 0x4C02, 0x8801, 0xE500, 0xA300, 0x8200, 0x6100, 0x4100,
0x2100, 0x2000, 0x0000, 0x0000, 0x0000, 0x0000, 0x2000, 0x2100, 0x4100, 0x6100, 0x8200, 0xA300,
0xE500, 0x8801, 0x4C02, 0x7904, 0xFF7E, 0xFFFF, 0xFFFF, 0xFFFF, 0xFFFF, 0xFFFF, 0xFFFF, 0xFF7E,
0x9904, 0x8E02, 0xCA01, 0x6701, 0x0401, 0xE500, 0xC400, 0xA400, 0x8200, 0x6100, 0x4100, 0x4100,
0x4000, 0x4000, 0x2000, 0x0000, 0x0000, 0x0000, 0x0000, 0x0000, 0x0000, 0x0000, 0x0000, 0x0000,
0x0000, 0x0000, 0x0000, 0x0000, 0x0000, 0x0000, 0x0000, 0x0000, 0x0000, 0x0000, 0x0000, 0x0000,
0x0000, 0x0000, 0x0000, 0x0000, 0x0000, 0x0000, 0x0000, 0x0000, 0x0000, 0x0000, 0x0000, 0x0000,
0x0000, 0x0000, 0x0000, 0x0000, 0x0000, 0x0000, 0x0000, 0x0000, 0x0000, 0x0000, 0x0000, 0x0000,
0x0000, 0x0000, 0x0000, 0x0000, 0x0000, 0x0000, 0x0000, 0x0000, 0x0000, 0x0000, 0x0000, 0x0000,
0x0000, 0x0000, 0x0000, 0x0000, 0x0000, 0x0000, 0x0000, 0x0000, 0x0000, 0x0000, 0x0000, 0x0000,
0x0000, 0x0000, 0x0000, 0x0000, 0x0000, 0x0000, 0x0000, 0x0000, 0x0000, 0x0000, 0x0000, 0x0000,
0x0000, 0x4000, 0x4000, 0x4000, 0x4000, 0x4100, 0x4100, 0x6100, 0x8200, 0x8200, 0x8200, 0xA300,
0xA300, 0xC300, 0xC400, 0xE400, 0xE400, 0x0509, 0x0501, 0x2409, 0x8609, 0xE909, 0xAD02, 0x990C,
0xDF86, 0xFFFF, 0xFFFF, 0xFFFF, 0xFFFF, 0xFFFF, 0xFFFF, 0xDF86, 0x9904, 0x4C02, 0x8801, 0xE500,
0xA300, 0x6200, 0x6100, 0x4100, 0x2100, 0x2000, 0x0000, 0x0000, 0x0000, 0x0000, 0x2000, 0x2100,
0x4100, 0x6100, 0x6200, 0xA300, 0xE500, 0x8801, 0x4C02, 0x9904, 0xDF86, 0xFFFF, 0xFFFF, 0xFFFF,
0xFFFF, 0xFFFF, 0xFFFF, 0xDF86, 0x980C, 0xAD02, 0xC909, 0x6609, 0x0309, 0xE400, 0xC308, 0xA300,
0xA300, 0x6200, 0x6100, 0x4000, 0x2000, 0x2000, 0x2000, 0x0000, 0x0000, 0x0000, 0x0000, 0x0000,
0x0000, 0x0000, 0x0000, 0x0000, 0x0000, 0x0000, 0x0000, 0x0000, 0x0000, 0x0000, 0x0000, 0x0000,
0x0000, 0x0000, 0x0000, 0x0000, 0x0000, 0x0000, 0x0000, 0x0000, 0x0000, 0x0000, 0x0000, 0x0000,
0x0000, 0x0000, 0x0000, 0x0000, 0x0000, 0x0000, 0x0000, 0x0000, 0x0000, 0x0000, 0x0000, 0x0000,
0x0000, 0x0000, 0x0000, 0x0000, 0x0000, 0x0000, 0x0000, 0x0000, 0x0000, 0x0000, 0x0000, 0x0000,
0x0000, 0x0000, 0x0000, 0x0000, 0x0000, 0x0000, 0x0000, 0x0000, 0x0000, 0x0000, 0x0000, 0x0000,
0x0000, 0x0000, 0x0000, 0x0000, 0x0000, 0x0000, 0x0000, 0x0000, 0x0000, 0x0000, 0x0000, 0x0000,
0x0000, 0x0000, 0x0000, 0x0000, 0x0000, 0x2000, 0x4000, 0x4000, 0x4100, 0x6200, 0x6200, 0x8300,
0xA300, 0xA400, 0xC400, 0xE400, 0xE500, 0x0501, 0x0501, 0x0601, 0x2601, 0x4609, 0x6709, 0x8609,
0xC801, 0x0B02, 0xCF02, 0x9904, 0xDF86, 0xFFFF, 0xFFFF, 0xFFFF, 0xFFFF, 0xFFFF, 0xFFFF, 0xDF86,
0x7904, 0x2C02, 0x8701, 0xE500, 0x8300, 0x6200, 0x6100, 0x2100, 0x2100, 0x2000, 0x0000, 0x0000,
0x0000, 0x0000, 0x2000, 0x2100, 0x2100, 0x6100, 0x6200, 0x8300, 0xE500, 0x8701, 0x2C02, 0x7904,
0xDF86, 0xFFFF, 0xFFFF, 0xFFFF, 0xFFFF, 0xFFFF, 0xFFFF, 0xDF86, 0x9904, 0xCE02, 0x0B02, 0xA801,
0x4509, 0x2609, 0x0409, 0xE400, 0xA300, 0x8300, 0x6200, 0x6100, 0x4000, 0x2000, 0x2000, 0x0100,
0x0000, 0x0000, 0x0000, 0x0000, 0x0000, 0x0000, 0x0000, 0x0000, 0x0000, 0x0000, 0x0000, 0x0000,
0x0000, 0x0000, 0x0000, 0x0000, 0x0000, 0x0000, 0x0000, 0x0000, 0x0000, 0x0000, 0x0000, 0x0000,
0x0000, 0x0000, 0x0000, 0x0000, 0x0000, 0x0000, 0x0000, 0x0000, 0x0000, 0x0000, 0x0000, 0x0000,
0x0000, 0x0000, 0x0000, 0x0000, 0x0000, 0x0000, 0x0000, 0x0000, 0x0000, 0x0000, 0x0000, 0x0000,
0x0000, 0x0000, 0x0000, 0x0000, 0x0000, 0x0000, 0x0000, 0x0000, 0x0000, 0x0000, 0x0000, 0x0000,
0x0000, 0x0000, 0x0000, 0x0000, 0x0000, 0x0000, 0x0000, 0x0000, 0x0000, 0x0000, 0x0000, 0x0000,
0x0000, 0x0000, 0x0000, 0x0000, 0x0000, 0x0000, 0x0000, 0x2000, 0x0000, 0x2100, 0x4100, 0x4100,
0x6200, 0x6300, 0xA400, 0xE400, 0x2501, 0x4601, 0x6701, 0x8701, 0x8801, 0xA801, 0xA801, 0xC901,
0xA901, 0xC909, 0xCA01, 0xE909, 0x0B02, 0x6E02, 0x110B, 0x9A0C, 0xFF7E, 0xFFFF, 0xFFFF, 0xFFFF,
0xFFFF, 0xFFFF, 0xFFFF, 0xFF7E, 0x7804, 0x0B02, 0x6701, 0xC400, 0x8200, 0x4200, 0x6100, 0x2100,
0x2100, 0x2000, 0x0000, 0x0000, 0x0000, 0x0000, 0x2000, 0x2100, 0x2100, 0x6100, 0x4200, 0x8200,
0xC400, 0x6701, 0x0B02, 0x7804, 0xFF7E, 0xFFFF, 0xFFFF, 0xFFFF, 0xFFFF, 0xFFFF, 0xFFFF, 0xFF7E,
0x9A0C, 0xF00A, 0x4D02, 0x0A02, 0xA801, 0x8801, 0x6709, 0x4601, 0xE500, 0xC400, 0x8300, 0x6200,
0x4100, 0x4100, 0x2100, 0x0100, 0x2000, 0x0000, 0x0000, 0x0000, 0x0000, 0x0000, 0x0000, 0x0000,
0x0000, 0x0000, 0x0000, 0x0000, 0x0000, 0x0000, 0x0000, 0x0000, 0x0000, 0x0000, 0x0000, 0x0000,
0x0000, 0x0000, 0x0000, 0x0000, 0x0000, 0x0000, 0x0000, 0x0000, 0x0000, 0x0000, 0x0000, 0x0000,
0x0000, 0x0000, 0x0000, 0x0000, 0x0000, 0x0000, 0x0000, 0x0000, 0x0000, 0x0000, 0x0000, 0x0000,
0x0000, 0x0000, 0x0000, 0x0000, 0x0000, 0x0000, 0x0000, 0x0000, 0x0000, 0x0000, 0x0000, 0x0000,
0x0000, 0x0000, 0x0000, 0x0000, 0x0000, 0x0000, 0x0000, 0x0000, 0x0000, 0x0000, 0x0000, 0x0000,
0x0000, 0x0000, 0x0000, 0x0000, 0x0000, 0x0000, 0x0000, 0x0000, 0x0000, 0x0000, 0x2000, 0x2000,
0x2100, 0x4100, 0x4100, 0x6200, 0x8300, 0xA400, 0x0501, 0x6701, 0xCA01, 0xEA01, 0x0B02, 0x2B02,
0x2C02, 0x4C02, 0x4D0A, 0x6D0A, 0x8E02, 0x8D02, 0x8E02, 0xAD02, 0xCF02, 0x110B, 0x7213, 0x990C,
0xDF86, 0xFFFF, 0xFFFF, 0xFFFF, 0xFFFF, 0xFFFF, 0xFFFF, 0xDF86, 0x3804, 0xEA01, 0x4601, 0xA400,
0x8200, 0x4200, 0x6100, 0x2100, 0x2100, 0x0000, 0x0000, 0x0000, 0x0000, 0x0000, 0x0000, 0x2100,
0x2100, 0x6100, 0x4200, 0x8200, 0xA400, 0x4601, 0xEA01, 0x3804, 0xDF86, 0xFFFF, 0xFFFF, 0xFFFF,
0xFFFF, 0xFFFF, 0xFFFF, 0xDF86, 0x990C, 0x710B, 0xF00A, 0xAE02, 0x8D02, 0x4D02, 0x2C02, 0x0A02,
0x8801, 0x2601, 0xA400, 0x8300, 0x6200, 0x4100, 0x4100, 0x2100, 0x2000, 0x2000, 0x0000, 0x0000,
0x0000, 0x0000, 0x0000, 0x0000, 0x0000, 0x0000, 0x0000, 0x0000, 0x0000, 0x0000, 0x0000, 0x0000,
0x0000, 0x0000, 0x0000, 0x0000, 0x0000, 0x0000, 0x0000, 0x0000, 0x0000, 0x0000, 0x0000, 0x0000,
0x0000, 0x0000, 0x0000, 0x0000, 0x0000, 0x0000, 0x0000, 0x0000, 0x0000, 0x0000, 0x0000, 0x0000,
0x0000, 0x0000, 0x0000, 0x0000, 0x0000, 0x0000, 0x0000, 0x0000, 0x0000, 0x0000, 0x0000, 0x0000,
0x0000, 0x0000, 0x0000, 0x0000, 0x0000, 0x0000, 0x0000, 0x0000, 0x0000, 0x0000, 0x0000, 0x0000,
0x0000, 0x0000, 0x0000, 0x0000, 0x0000, 0x0000, 0x0000, 0x0000, 0x0000, 0x0000, 0x0000, 0x0000,
0x0000, 0x2000, 0x2000, 0x2000, 0x4100, 0x6100, 0x6100, 0x8200, 0xA300, 0xE500, 0x8701, 0x2A0A,
0x1704, 0x3704, 0x7804, 0x7904, 0x9904, 0x9904, 0x9A04, 0x9A04, 0xBA04, 0x990C, 0x9904, 0xB90C,
0x9904, 0x9904, 0x9904, 0x5D05, 0xDF86, 0xDF86, 0xFF7E, 0xDF86, 0xDF86, 0xFF7E, 0xDF86, 0xDF86,
0x1704, 0xAA01, 0x2501, 0xA300, 0x8200, 0x4100, 0x4000, 0x2100, 0x2100, 0x0000, 0x0000, 0x0000,
0x0000, 0x0000, 0x0000, 0x2100, 0x2100, 0x4000, 0x4100, 0x8200, 0xA300, 0x2501, 0xAA01, 0x1704,
0xFF7E, 0xDF86, 0xFF7E, 0xDF86, 0xDF86, 0xFF7E, 0xDF86, 0xDF76, 0x3E05, 0x9804, 0x990C, 0x9904,
0x990C, 0x790C, 0x380C, 0x1604, 0x2B0A, 0x8801, 0xE500, 0xA300, 0x8200, 0x6200, 0x6100, 0x4100,
0x2000, 0x2000, 0x2000, 0x0000, 0x0000, 0x0000, 0x0000, 0x0000, 0x0000, 0x0000, 0x0000, 0x0000,
0x0000, 0x0000, 0x0000, 0x0000, 0x0000, 0x0000, 0x0000, 0x0000, 0x0000, 0x0000, 0x0000, 0x0000,
0x0000, 0x0000, 0x0000, 0x0000, 0x0000, 0x0000, 0x0000, 0x0000, 0x0000, 0x0000, 0x0000, 0x0000,
0x0000, 0x0000, 0x0000, 0x0000, 0x0000, 0x0000, 0x0000, 0x0000, 0x0000, 0x0000, 0x0000, 0x0000,
0x0000, 0x0000, 0x0000, 0x0000, 0x0000, 0x0000, 0x0000, 0x0000, 0x0000, 0x0000, 0x0000, 0x0000,
0x0000, 0x0000, 0x0000, 0x0000, 0x0000, 0x0000, 0x0000, 0x0000, 0x0000, 0x0000, 0x0000, 0x0000,
0x0000, 0x0000, 0x0000, 0x0000, 0x0100, 0x0100, 0x2100, 0x4100, 0x6100, 0x6200, 0x8300, 0xA200,
0xE400, 0x0609, 0xCA01, 0x3704, 0xDF86, 0xDF86, 0xFF7E, 0xDF86, 0xDF86, 0xFF7E, 0xDF86, 0xDF86,
0x3F46, 0xFF7E, 0xFF7E, 0xDF86, 0xDF86, 0xFF7E, 0xDF7E, 0xBF7E, 0x3D05, 0x9804, 0x9904, 0x990C,
0x780C, 0x9804, 0x5704, 0x1704, 0x0A0A, 0x6701, 0xC500, 0x8300, 0x4200, 0x4100, 0x4100, 0x0000,
0x2000, 0x0000, 0x0000, 0x0000, 0x0000, 0x0000, 0x0000, 0x2000, 0x2000, 0x4100, 0x4100, 0x6200,
0x8300, 0xC500, 0x6701, 0x2A0A, 0x1704, 0x7804, 0x7804, 0x780C, 0x5904, 0x9A0C, 0x9804, 0x5D05,
0xDF7E, 0xDF86, 0xFF7E, 0xDF86, 0xDF86, 0xFF7E, 0xDF86, 0xFF7E, 0x3704, 0xCA01, 0x0609, 0xE400,
0xA200, 0x8300, 0x6200, 0x6100, 0x4100, 0x4100, 0x2100, 0x0000, 0x0000, 0x0000, 0x0000, 0x2000,
0x0000, 0x0000, 0x0000, 0x0000, 0x0000, 0x0000, 0x0000, 0x0000, 0x0000, 0x0000, 0x0000, 0x0000,
0x0000, 0x0000, 0x0000, 0x0000, 0x0000, 0x0000, 0x0000, 0x0000, 0x0000, 0x0000, 0x0000, 0x0000,
0x0000, 0x0000, 0x0000, 0x0000, 0x0000, 0x0000, 0x0000, 0x0000, 0x0000, 0x0000, 0x0000, 0x0000,
0x0000, 0x0000, 0x0000, 0x0000, 0x0000, 0x0000, 0x0000, 0x0000, 0x0000, 0x0000, 0x0000, 0x0000,
0x0000, 0x0000, 0x0000, 0x0000, 0x0000, 0x0000, 0x0000, 0x0000, 0x0000, 0x0000, 0x0000, 0x0000,
0x0000, 0x0000, 0x0000, 0x0000, 0x0000, 0x0000, 0x2000, 0x2100, 0x2100, 0x2100, 0x4100, 0x6100,
0x4200, 0x6208, 0x8300, 0xA200, 0xE400, 0x2609, 0x0B02, 0x5704, 0xDF86, 0xFFFF, 0xFFFF, 0xFFFF,
0xFFFF, 0xFFFF, 0xFFFF, 0xDF86, 0x3F4E, 0xFFFF, 0xFFFF, 0xFFFF, 0xFFFF, 0xFFFF, 0xFFFF, 0xDF86,
0x9904, 0x710B, 0xF002, 0xAE02, 0x6D0A, 0x6C02, 0x0B02, 0xCA01, 0x8701, 0x0501, 0xA400, 0x6200,
0x4100, 0x4100, 0x4100, 0x2100, 0x2000, 0x0000, 0x0000, 0x0000, 0x0000, 0x0000, 0x0000, 0x2000,
0x2000, 0x4100, 0x4100, 0x6100, 0x8300, 0xA400, 0x0601, 0x8801, 0xCA01, 0x0B02, 0x4C02, 0x6D0A,
0x8E02, 0xF002, 0x710B, 0x9804, 0xDF86, 0xFFFF, 0xFFFF, 0xFFFF, 0xFFFF, 0xFFFF, 0xFFFF, 0xDF86,
0x7804, 0x0B02, 0x4709, 0x0409, 0xA200, 0x8300, 0x6208, 0x6200, 0x6100, 0x4100, 0x2100, 0x0100,
0x2000, 0x2000, 0x0000, 0x0000, 0x0000, 0x0000, 0x0000, 0x0000, 0x0000, 0x0000, 0x0000, 0x0000,
0x0000, 0x0000, 0x0000, 0x0000, 0x0000, 0x0000, 0x0000, 0x0000, 0x0000, 0x0000, 0x0000, 0x0000,
0x0000, 0x0000, 0x0000, 0x0000, 0x0000, 0x0000, 0x0000, 0x0000, 0x0000, 0x0000, 0x0000, 0x0000,
0x0000, 0x0000, 0x0000, 0x0000, 0x0000, 0x0000, 0x0000, 0x0000, 0x0000, 0x0000, 0x0000, 0x0000,
0x0000, 0x0000, 0x0000, 0x0000, 0x0000, 0x0000, 0x0000, 0x0000, 0x0000, 0x0000, 0x0000, 0x0000,
0x0000, 0x0000, 0x0000, 0x0000, 0x0000, 0x0000, 0x0000, 0x0000, 0x0000, 0x2000, 0x2000, 0x2000,
0x2000, 0x2100, 0x6100, 0x6100, 0x8300, 0x8300, 0xA400, 0xE300, 0x2501, 0x8801, 0x4C02, 0x9804,
0xFF7E, 0xFFFF, 0xFFFF, 0xFFFF, 0xFFFF, 0xFFFF, 0xFFFF, 0xFF7E, 0x5F46, 0xFFFF, 0xFFFF, 0xFFFF,
0xFFFF, 0xFFFF, 0xFFFF, 0xDF7E, 0x790C, 0xF002, 0x2D02, 0xCA01, 0xA809, 0x8801, 0x4709, 0x0609,
0x0501, 0xC300, 0x8300, 0x6200, 0x4100, 0x4000, 0x2000, 0x0000, 0x0000, 0x0000, 0x0000, 0x0000,
0x0000, 0x0000, 0x0000, 0x0000, 0x0000, 0x2000, 0x4000, 0x4100, 0x6200, 0x8300, 0xA400, 0xE500,
0x0609, 0x4709, 0x6801, 0xA809, 0xCA01, 0x2D02, 0xF002, 0x9A0C, 0xFF7E, 0xFFFF, 0xFFFF, 0xFFFF,
0xFFFF, 0xFFFF, 0xFFFF, 0xFF7E, 0x9904, 0x4C02, 0x8801, 0x2501, 0xE300, 0xA400, 0x8300, 0x8300,
0x6100, 0x4100, 0x2100, 0x2100, 0x2000, 0x2000, 0x0000, 0x0000, 0x0000, 0x0000, 0x0000, 0x0000,
0x0000, 0x0000, 0x0000, 0x0000, 0x0000, 0x0000, 0x0000, 0x0000, 0x0000, 0x0000, 0x0000, 0x0000,
0x0000, 0x0000, 0x0000, 0x0000, 0x0000, 0x0000, 0x0000, 0x0000, 0x0000, 0x0000, 0x0000, 0x0000,
0x0000, 0x0000, 0x0000, 0x0000, 0x0000, 0x0000, 0x0000, 0x0000, 0x0000, 0x0000, 0x0000, 0x0000,
0x0000, 0x0000, 0x0000, 0x0000, 0x0000, 0x0000, 0x0000, 0x0000, 0x0000, 0x0000, 0x0000, 0x0000,
0x0000, 0x0000, 0x0000, 0x0000, 0x0000, 0x0000, 0x0000, 0x0000, 0x0000, 0x0000, 0x0000, 0x0000,
0x0000, 0x2000, 0x2000, 0x2000, 0x4100, 0x4100, 0x6200, 0x8200, 0xA200, 0xA200, 0xE300, 0x0301,
0x4509, 0x8809, 0x6C02, 0x780C, 0xDF86, 0xFFFF, 0xFFFF, 0xFFFF, 0xFFFF, 0xFFFF, 0xFFFF, 0xDF86,
0x3F46, 0xFFFF, 0xFFFF, 0xFFFF, 0xFFFF, 0xFFFF, 0xFFFF, 0xDF86, 0x790C, 0xAF0A, 0xCA01, 0x6701,
0x4501, 0x2501, 0xE400, 0xE400, 0xA300, 0x8200, 0x6200, 0x6100, 0x4100, 0x2000, 0x2000, 0x0000,
0x0000, 0x0000, 0x0000, 0x0000, 0x0000, 0x0000, 0x0000, 0x0000, 0x0000, 0x2000, 0x2000, 0x4000,
0x6100, 0x6200, 0x8200, 0xA300, 0xE400, 0xE400, 0x2501, 0x4509, 0x6701, 0xEB01, 0x8E02, 0x790C,
0xDF86, 0xFFFF, 0xFFFF, 0xFFFF, 0xFFFF, 0xFFFF, 0xFFFF, 0xDF86, 0x780C, 0x6C02, 0x8809, 0x4501,
0x0301, 0xE300, 0xC200, 0xA200, 0x8200, 0x6200, 0x4100, 0x2100, 0x2000, 0x2000, 0x2000, 0x0000,
0x0000, 0x0000, 0x0000, 0x0000, 0x0000, 0x0000, 0x0000, 0x0000, 0x0000, 0x0000, 0x0000, 0x0000,
0x0000, 0x0000, 0x0000, 0x0000, 0x0000, 0x0000, 0x0000, 0x0000, 0x0000, 0x0000, 0x0000, 0x0000,
0x0000, 0x0000, 0x0000, 0x0000, 0x0000, 0x0000, 0x0000, 0x0000, 0x0000, 0x0000, 0x0000, 0x0000,
0x0000, 0x0000, 0x0000, 0x0000, 0x0000, 0x0000, 0x0000, 0x0000, 0x0000, 0x0000, 0x0000, 0x0000,
0x0000, 0x0000, 0x0000, 0x0000, 0x0000, 0x0000, 0x0000, 0x0000, 0x0000, 0x0000, 0x0000, 0x0000,
0x0000, 0x0000, 0x0000, 0x0000, 0x0000, 0x2000, 0x4000, 0x4100, 0x6100, 0x6200, 0x8300, 0xA300,
0xE400, 0x0401, 0x2501, 0x4509, 0x6701, 0xCA01, 0x8E02, 0x790C, 0xDF86, 0xFFFF, 0xFFFF, 0xFFFF,
0xFFFF, 0xFFFF, 0xFFFF, 0xDF86, 0x3F46, 0xFFFF, 0xFFFF, 0xFFFF, 0xFFFF, 0xFFFF, 0xFFFF, 0xDF86,
0x780C, 0x6D0A, 0xA909, 0x4501, 0x0301, 0xE300, 0xA300, 0xC300, 0x8200, 0x6100, 0x4100, 0x4100,
0x4100, 0x4000, 0x2000, 0x0000, 0x0000, 0x0000, 0x0000, 0x0000, 0x0000, 0x0000, 0x0000, 0x0000,
0x2000, 0x2100, 0x4100, 0x4000, 0x4100, 0x4100, 0x6200, 0x8200, 0xA200, 0xC200, 0xE300, 0x0301,
0x4501, 0xA809, 0x6D0A, 0x7804, 0xDF86, 0xFFFF, 0xFFFF, 0xFFFF, 0xFFFF, 0xFFFF, 0xFFFF, 0xDF86,
0x990C, 0x8E02, 0xCA01, 0x6701, 0x4501, 0x2501, 0x0401, 0xE400, 0xA300, 0x8300, 0x6200, 0x4100,
0x2000, 0x2000, 0x2000, 0x0000, 0x0000, 0x0000, 0x0000, 0x0000, 0x0000, 0x0000, 0x0000, 0x0000,
0x0000, 0x0000, 0x0000, 0x0000, 0x0000, 0x0000, 0x0000, 0x0000, 0x0000, 0x0000, 0x0000, 0x0000,
0x0000, 0x0000, 0x0000, 0x0000, 0x0000, 0x0000, 0x0000, 0x0000, 0x0000, 0x0000, 0x0000, 0x0000,
0x0000, 0x0000, 0x0000, 0x0000, 0x0000, 0x0000, 0x0000, 0x0000, 0x0000, 0x0000, 0x0000, 0x0000,
0x0000, 0x0000, 0x0000, 0x0000, 0x0000, 0x0000, 0x0000, 0x0000, 0x0000, 0x0000, 0x0000, 0x0000,
0x0000, 0x0000, 0x0000, 0x0000, 0x0000, 0x2000, 0x2000, 0x2000, 0x2100, 0x4100, 0x4100, 0x6100,
0x6200, 0x8300, 0xA400, 0xE500, 0x0609, 0x4709, 0x8801, 0x8809, 0xCA01, 0x2D02, 0xF002, 0x990C,
0xFF7E, 0xFFFF, 0xFFFF, 0xFFFF, 0xFFFF, 0xFFFF, 0xFFFF, 0xFF7E, 0x5F46, 0xFFFF, 0xFFFF, 0xDFFF,
0xFFFF, 0xFFFF, 0xFFFF, 0xFF7E, 0x9904, 0x6D02, 0x8801, 0x2601, 0x0401, 0xE500, 0xA400, 0xA300,
0x8200, 0x6100, 0x4100, 0x4100, 0x4100, 0x4100, 0x2000, 0x2000, 0x2000, 0x2000, 0x0000, 0x0000,
0x0000, 0x0000, 0x2000, 0x2000, 0x0000, 0x2100, 0x4100, 0x4100, 0x4100, 0x4100, 0x6100, 0x6100,
0xA300, 0xA300, 0xC400, 0xE400, 0x2501, 0x8801, 0x4D02, 0x9804, 0xFF7E, 0xFFFF, 0xFFFF, 0xFFFF,
0xFFFF, 0xFFFF, 0xFFFF, 0xFF7E, 0x9904, 0xF002, 0x2D02, 0xCA01, 0x8809, 0x8801, 0x4709, 0x0609,
0xE500, 0xA400, 0x8300, 0x6200, 0x4100, 0x4000, 0x2000, 0x0000, 0x0000, 0x0000, 0x0000, 0x0000,
0x0000, 0x0000, 0x0000, 0x0000, 0x0000, 0x0000, 0x0000, 0x0000, 0x0000, 0x0000, 0x0000, 0x0000,
0x0000, 0x0000, 0x0000, 0x0000, 0x0000, 0x0000, 0x0000, 0x0000, 0x0000, 0x0000, 0x0000, 0x0000,
0x0000, 0x0000, 0x0000, 0x0000, 0x0000, 0x0000, 0x0000, 0x0000, 0x0000, 0x0000, 0x0000, 0x0000,
0x0000, 0x0000, 0x0000, 0x0000, 0x0000, 0x0000, 0x0000, 0x0000, 0x0000, 0x0000, 0x0000, 0x0000,
0x0000, 0x0000, 0x0000, 0x0000, 0x2000, 0x2000, 0x2000, 0x2000, 0x2000, 0x2000, 0x2000, 0x4100,
0x4100, 0x6100, 0x6100, 0x6200, 0x8300, 0xC400, 0x0601, 0x8801, 0xCA01, 0x0B02, 0x4D02, 0x6D0A,
0xAF0A, 0xF002, 0x710B, 0x9804, 0xDF86, 0xFFFF, 0xFFFF, 0xFFFF, 0xFFFF, 0xFFFF, 0xFFFF, 0xDF86,
0x3F4E, 0xFFFF, 0xFFFF, 0xFFFF, 0xFFFF, 0xFFFF, 0xFFFF, 0xDF86, 0x7804, 0x2B02, 0x4709, 0x0501,
0xE300, 0xC400, 0x8308, 0x8200, 0x8200, 0x6200, 0x4200, 0x4100, 0x4100, 0x4100, 0x4000, 0x4000,
0x2000, 0x2000, 0x2000, 0x2000, 0x2000, 0x2000, 0x2000, 0x2000, 0x2100, 0x2100, 0x2100, 0x4100,
0x2100, 0x4100, 0x6100, 0x8200, 0x8200, 0x8308, 0xA300, 0xC300, 0x0401, 0x4709, 0x0B02, 0x7804,
0xDF86, 0xFFFF, 0xFFFF, 0xFFFF, 0xFFFF, 0xFFFF, 0xFFFF, 0xDF86, 0x9804, 0x710B, 0xF002, 0x8E02,
0x6C0A, 0x4C02, 0x0B02, 0xCA01, 0x8701, 0x0501, 0xA400, 0x8200, 0x6100, 0x4100, 0x4100, 0x2000,
0x0000, 0x0000, 0x0000, 0x0000, 0x0000, 0x0000, 0x0000, 0x0000, 0x0000, 0x0000, 0x0000, 0x0000,
0x0000, 0x0000, 0x0000, 0x0000, 0x0000, 0x0000, 0x0000, 0x0000, 0x0000, 0x0000, 0x0000, 0x0000,
0x0000, 0x0000, 0x0000, 0x0000, 0x0000, 0x0000, 0x0000, 0x0000, 0x0000, 0x0000, 0x0000, 0x0000,
0x0000, 0x0000, 0x0000, 0x0000, 0x0000, 0x0000, 0x0000, 0x0000, 0x0000, 0x0000, 0x0000, 0x0000,
0x0000, 0x0000, 0x0000, 0x0000, 0x0000, 0x0000, 0x0000, 0x0000, 0x2000, 0x2000, 0x2000, 0x2000,
0x2000, 0x4100, 0x4100, 0x4100, 0x6100, 0x8200, 0x8200, 0x8200, 0xA400, 0xE500, 0x8801, 0x2B0A,
0x1704, 0x5704, 0x9804, 0x780C, 0x790C, 0x990C, 0x9804, 0x5D05, 0xDF86, 0xDF86, 0xFF7E, 0xDF86,
0xDF86, 0xFF7E, 0xDF86, 0xDF86, 0x3F3E, 0xFF7E, 0xFF7E, 0xDF86, 0xDF86, 0xFF7E, 0xDF7E, 0xDF7E,
0x3704, 0xEB01, 0x4709, 0x2501, 0xE300, 0xC400, 0xA300, 0xA200, 0x8200, 0x8200, 0x6200, 0x4200,
0x4100, 0x4100, 0x4100, 0x4100, 0x4100, 0x4100, 0x4100, 0x4100, 0x4100, 0x4100, 0x4100, 0x4100,
0x4100, 0x4100, 0x2100, 0x2100, 0x2100, 0x4100, 0x6200, 0x8200, 0x8200, 0x8200, 0xA300, 0xC300,
0xE400, 0x2609, 0xCA01, 0x3704, 0xFF7E, 0xDF86, 0xFF7E, 0xDF86, 0xDF86, 0xFF7E, 0xDF86, 0xDF76,
0x5D05, 0x9804, 0x990C, 0x790C, 0x780C, 0x9904, 0x7804, 0x1704, 0x0A0A, 0x6701, 0xC500, 0x8300,
0x6100, 0x4100, 0x4100, 0x2000, 0x0000, 0x0000, 0x0000, 0x0000, 0x0000, 0x0000, 0x0000, 0x0000,
0x0000, 0x0000, 0x0000, 0x0000, 0x0000, 0x0000, 0x0000, 0x0000, 0x0000, 0x0000, 0x0000, 0x0000,
0x0000, 0x0000, 0x0000, 0x0000, 0x0000, 0x0000, 0x0000, 0x0000, 0x0000, 0x0000, 0x0000, 0x0000,
0x0000, 0x0000, 0x0000, 0x0000, 0x0000, 0x0000, 0x0000, 0x0000, 0x0000, 0x0000, 0x0000, 0x0000,
0x0000, 0x0000, 0x0000, 0x0000, 0x0000, 0x0000, 0x0000, 0x0000, 0x0000, 0x0100, 0x2100, 0x2100,
0x2100, 0x2100, 0x2100, 0x2100, 0x4100, 0x4100, 0x6200, 0x6200, 0x8200, 0x8300, 0xA400, 0xA300,
0xE400, 0x4601, 0x0A02, 0x1604, 0xFF76, 0xDF86, 0xDF86, 0xDF86, 0xDF86, 0xDF7E, 0xDF86, 0xDF76,
0x5E05, 0x990C, 0x9A0C, 0x9904, 0x990C, 0x9904, 0x990C, 0xB904, 0xBA04, 0x790C, 0x7A0C, 0x7A0C,
0x9904, 0x7904, 0x5804, 0x170C, 0x2C0A, 0xA909, 0x2601, 0xE400, 0xC400, 0xC400, 0xA400, 0x8300,
0x8200, 0x8200, 0x6200, 0x6200, 0x6200, 0x6200, 0x6200, 0x6200, 0x4200, 0x4200, 0x4200, 0x4100,
0x4100, 0x4200, 0x4200, 0x4200, 0x4100, 0x4100, 0x4100, 0x4200, 0x4200, 0x4200, 0x6200, 0x6200,
0x6100, 0x8200, 0x8200, 0x8300, 0xC300, 0x0501, 0x8801, 0x2C0A, 0x1704, 0x7804, 0x9904, 0x780C,
0x790C, 0x990C, 0x9804, 0x5D05, 0xDF86, 0xDF86, 0xFF7E, 0xDF86, 0xDF86, 0xFF7E, 0xDF86, 0xDF86,
0x1704, 0xA901, 0x0501, 0x8300, 0x6200, 0x4100, 0x4100, 0x2100, 0x0000, 0x0000, 0x0000, 0x0000,
0x0000, 0x0000, 0x0000, 0x0000, 0x0000, 0x0000, 0x0000, 0x0000, 0x0000, 0x0000, 0x0000, 0x0000,
0x0000, 0x0000, 0x0000, 0x0000, 0x0000, 0x0000, 0x0000, 0x0000, 0x0000, 0x0000, 0x0000, 0x0000,
0x0000, 0x0000, 0x0000, 0x0000, 0x0000, 0x0000, 0x0000, 0x0000, 0x0000, 0x0000, 0x0000, 0x0000,
0x0000, 0x0000, 0x0000, 0x0000, 0x0000, 0x0000, 0x0000, 0x0000, 0x0000, 0x0000, 0x2000, 0x2100,
0x0100, 0x2100, 0x4100, 0x4100, 0x6000, 0x6000, 0x6100, 0x6100, 0x6100, 0x8100, 0x8200, 0xA200,
0xA200, 0x8300, 0xA400, 0xA300, 0xE408, 0x4709, 0x2B02, 0x380C, 0xDF86, 0xFFFF, 0xFFFF, 0xFFFF,
0xFFFF, 0xFFFF, 0xFFFF, 0xDF86, 0x7804, 0x710B, 0xF00A, 0xCF02, 0xAD0A, 0x8E02, 0x8D02, 0x8E02,
0x8D02, 0x6D02, 0x6D02, 0x6D02, 0x6C02, 0x4C02, 0x2B02, 0xEA01, 0xA901, 0x4601, 0x0401, 0xE300,
0xC300, 0xC300, 0xC300, 0xA200, 0x8200, 0x8200, 0x8200, 0x6200, 0x6200, 0x6100, 0x6100, 0x6100,
0x6100, 0x6100, 0x6100, 0x6100, 0x6100, 0x6100, 0x6100, 0x6100, 0x8200, 0x8200, 0x8100, 0x6100,
0x6100, 0x8100, 0x8100, 0x8100, 0x8200, 0x8200, 0x8300, 0x8200, 0xA300, 0xC400, 0x2601, 0x8801,
0xCA01, 0x0B02, 0x4C02, 0x6D0A, 0xAF0A, 0xF002, 0x710B, 0x9804, 0xDF86, 0xFFFF, 0xFFFF, 0xFFFF,
0xFFFF, 0xFFFF, 0xFFFF, 0xDF86, 0x3704, 0xCA01, 0x2601, 0xA300, 0x6200, 0x4200, 0x4100, 0x2100,
0x0000, 0x0000, 0x0000, 0x0000, 0x0000, 0x0000, 0x0000, 0x0000, 0x0000, 0x0000, 0x0000, 0x0000,
0x0000, 0x0000, 0x0000, 0x0000, 0x0000, 0x0000, 0x0000, 0x0000, 0x0000, 0x0000, 0x0000, 0x0000,
0x0000, 0x0000, 0x0000, 0x0000, 0x0000, 0x0000, 0x0000, 0x0000, 0x0000, 0x0000, 0x0000, 0x0000,
0x0000, 0x0000, 0x0000, 0x0000, 0x0000, 0x0000, 0x0000, 0x0000, 0x0000, 0x0000, 0x0000, 0x0000,
0x0000, 0x2000, 0x2000, 0x2000, 0x2000, 0x2000, 0x4100, 0x6100, 0x4200, 0x4200, 0x4200, 0x6200,
0x8200, 0x8200, 0x8300, 0xA300, 0xE300, 0xC400, 0xE500, 0xE400, 0x2609, 0x8901, 0x4D02, 0x5904,
0xDF86, 0xFFFF, 0xFFFF, 0xFFFF, 0xFFFF, 0xFFFF, 0xFFFF, 0xDF7E, 0x9904, 0x1003, 0x4D02, 0x0B02,
0xC901, 0xCA01, 0xC909, 0xC901, 0xC801, 0xC801, 0xA801, 0xA801, 0xA801, 0xA701, 0x8701, 0x6601,
0x4701, 0x0501, 0xE400, 0xE400, 0xC300, 0xC300, 0xC300, 0xA300, 0xA300, 0xA300, 0xA300, 0xA300,
0xA300, 0x8300, 0x8300, 0x8300, 0x8300, 0x8300, 0x8300, 0x8300, 0x8300, 0x8300, 0x8300, 0x8300,
0x8300, 0x8300, 0x8200, 0x6200, 0x6200, 0x6200, 0x6200, 0x6200, 0x8200, 0x8200, 0x8200, 0x8200,
0x8200, 0xA300, 0xC400, 0x0501, 0x2609, 0x4709, 0x8801, 0xA809, 0xCB09, 0x2D02, 0xF002, 0x990C,
0xFF7E, 0xFFFF, 0xFFFF, 0xFFFF, 0xFFFF, 0xFFFF, 0xFFFF, 0xFF7E, 0x5804, 0x0B02, 0x4601, 0xA400,
0x8200, 0x6200, 0x6000, 0x2100, 0x0000, 0x0000, 0x0000, 0x0000, 0x0000, 0x0000, 0x0000, 0x0000,
0x0000, 0x0000, 0x0000, 0x0000, 0x0000, 0x0000, 0x0000, 0x0000, 0x0000, 0x0000, 0x0000, 0x0000,
0x0000, 0x0000, 0x0000, 0x0000, 0x0000, 0x0000, 0x0000, 0x0000, 0x0000, 0x0000, 0x0000, 0x0000,
0x0000, 0x0000, 0x0000, 0x0000, 0x0000, 0x0000, 0x0000, 0x0000, 0x0000, 0x0000, 0x0000, 0x0000,
0x0000, 0x0000, 0x0000, 0x0000, 0x0000, 0x2000, 0x2000, 0x4000, 0x4100, 0x4100, 0x4100, 0x6100,
0x6200, 0x8200, 0x8200, 0xA200, 0xA300, 0xA300, 0xC300, 0xC300, 0xE300, 0xE300, 0x0401, 0x0309,
0x6609, 0xA901, 0x6D02, 0x790C, 0xDF86, 0xFFFF, 0xFFFF, 0xFFFF, 0xFFFF, 0xFFFF, 0xFFFF, 0xDF86,
0x9904, 0xCE02, 0xEA01, 0xA801, 0x6601, 0x4601, 0x4609, 0x4601, 0x0601, 0x0609, 0x0509, 0x0509,
0x0509, 0x0509, 0x0509, 0x0509, 0x2501, 0x0401, 0x0401, 0xE400, 0xE300, 0xE400, 0xE400, 0xE400,
0xC300, 0xC300, 0xC300, 0xC300, 0xA300, 0xA300, 0xC300, 0xC300, 0xA308, 0xA308, 0xA308, 0xC308,
0xC308, 0xA308, 0xA308, 0xA308, 0xA300, 0xA300, 0xA300, 0xA300, 0xA200, 0x8200, 0x8200, 0x8200,
0x8200, 0x8200, 0x6200, 0x6200, 0x8200, 0x8200, 0xA300, 0xC300, 0xE400, 0x0401, 0x2501, 0x2509,
0x6701, 0xAA01, 0x8E02, 0x790C, 0xDF86, 0xFFFF, 0xFFFF, 0xFFFF, 0xFFFF, 0xFFFF, 0xFFFF, 0xDF86,
0x7904, 0x0B02, 0x6701, 0xA400, 0x8200, 0x6200, 0x6000, 0x2100, 0x0000, 0x0000, 0x0000, 0x0000,
0x0000, 0x0000, 0x0000, 0x0000, 0x0000, 0x0000, 0x0000, 0x0000, 0x0000, 0x0000, 0x0000, 0x0000,
0x0000, 0x0000, 0x0000, 0x0000, 0x0000, 0x0000, 0x0000, 0x0000, 0x0000, 0x0000, 0x0000, 0x0000,
0x0000, 0x0000, 0x0000, 0x0000, 0x0000, 0x0000, 0x0000, 0x0000, 0x0000, 0x0000, 0x0000, 0x0000,
0x0000, 0x0000, 0x0000, 0x0000, 0x0000, 0x0000, 0x0000, 0x0000, 0x0100, 0x2000, 0x2000, 0x4100,
0x6100, 0x6200, 0x8200, 0xA300, 0xA300, 0xA300, 0xC400, 0xE400, 0xE500, 0x0501, 0x0501, 0x0501,
0x2501, 0x4609, 0x4601, 0x6601, 0xA801, 0xEB01, 0xAE02, 0x9904, 0xDF86, 0xFFFF, 0xFFFF, 0xFFFF,
0xFFFF, 0xFFFF, 0xFFFF, 0xDF86, 0x780C, 0x8D02, 0xA901, 0x6609, 0x0409, 0x0401, 0x0409, 0x0301,
0xE400, 0xE400, 0xE400, 0xE400, 0xE400, 0x0401, 0x0401, 0x2501, 0x0509, 0x0509, 0x0509, 0xE508,
0x0509, 0x0509, 0x0601, 0x0601, 0x0501, 0x0501, 0x0501, 0x0501, 0x0501, 0x0501, 0x0501, 0x0501,
0x0501, 0x0501, 0x0501, 0x0501, 0x0501, 0x0501, 0x0501, 0x0501, 0xE500, 0xE500, 0xE500, 0xE400,
0xE400, 0xC400, 0xC400, 0xA300, 0xA300, 0x8200, 0x8200, 0x6200, 0x6200, 0x8200, 0x8200, 0x8300,
0xC300, 0xC300, 0xE400, 0x0301, 0x4509, 0xA809, 0x6D0A, 0x780C, 0xDF86, 0xFFFF, 0xFFFF, 0xFFFF,
0xFFFF, 0xFFFF, 0xFFFF, 0xDF86, 0x7904, 0x0B02, 0x6701, 0xA400, 0x8200, 0x6200, 0x6000, 0x2100,
0x0000, 0x0000, 0x0000, 0x0000, 0x0000, 0x0000, 0x0000, 0x0000, 0x0000, 0x0000, 0x0000, 0x0000,
0x0000, 0x0000, 0x0000, 0x0000, 0x0000, 0x0000, 0x0000, 0x0000, 0x0000, 0x0000, 0x0000, 0x0000,
0x0000, 0x0000, 0x0000, 0x0000, 0x0000, 0x0000, 0x0000, 0x0000, 0x0000, 0x0000, 0x0000, 0x0000,
0x0000, 0x0000, 0x0000, 0x0000, 0x0000, 0x0000, 0x0000, 0x0000, 0x0000, 0x2000, 0x2000, 0x2000,
0x2100, 0x2100, 0x4100, 0x4100, 0x6200, 0x8300, 0xA300, 0xE500, 0x0501, 0x4601, 0x6701, 0x8701,
0xA701, 0xA801, 0xA801, 0xA801, 0xA901, 0xA909, 0xC901, 0xC901, 0x0B02, 0x4D02, 0xF00A, 0x990C,
0xDF7E, 0xFFFF, 0xFFFF, 0xFFFF, 0xFFFF, 0xFFFF, 0xFFFF, 0xDF86, 0x7904, 0x4D02, 0x8901, 0x2609,
0xE400, 0xE500, 0xE400, 0xE400, 0xC400, 0xC400, 0xC300, 0xC400, 0xC400, 0xE500, 0x0501, 0x2601,
0x6701, 0x8801, 0x8801, 0xA801, 0xA801, 0xA801, 0xA801, 0xA801, 0xA801, 0xA801, 0xA801, 0xA801,
0xA801, 0xA801, 0xA801, 0xA801, 0xA801, 0xA801, 0xA801, 0xA801, 0xA801, 0xA801, 0xA801, 0xA801,
0xA801, 0x8801, 0x8801, 0x8701, 0x8701, 0x6701, 0x4601, 0x2501, 0xE500, 0xA300, 0x8200, 0x8200,
0x6200, 0x8200, 0x8300, 0x8200, 0xA300, 0xA300, 0xC400, 0xC300, 0x2501, 0x6801, 0x4C02, 0x7804,
0xFF7E, 0xFFFF, 0xFFFF, 0xFFFF, 0xFFFF, 0xFFFF, 0xFFFF, 0xFF7E, 0x5804, 0x0B02, 0x4601, 0xA400,
0x8200, 0x6200, 0x6000, 0x2100, 0x0000, 0x0000, 0x0000, 0x0000, 0x0000, 0x0000, 0x0000, 0x0000,
0x0000, 0x0000, 0x0000, 0x0000, 0x0000, 0x0000, 0x0000, 0x0000, 0x0000, 0x0000, 0x0000, 0x0000,
0x0000, 0x0000, 0x0000, 0x0000, 0x0000, 0x0000, 0x0000, 0x0000, 0x0000, 0x0000, 0x0000, 0x0000,
0x0000, 0x0000, 0x0000, 0x0000, 0x0000, 0x0000, 0x0000, 0x0000, 0x2000, 0x2000, 0x2000, 0x2000,
0x2000, 0x2000, 0x2000, 0x4100, 0x4100, 0x6100, 0x6100, 0x6200, 0x8300, 0xA400, 0x0501, 0x6701,
0xCA01, 0xEA01, 0x0B02, 0x2C02, 0x4C02, 0x4C02, 0x4D0A, 0x6D0A, 0x8E02, 0x8D0A, 0x8E02, 0xAD02,
0xCF02, 0xF00A, 0x510B, 0x7804, 0xDF86, 0xFFFF, 0xFFFF, 0xFFFF, 0xFFFF, 0xFFFF, 0xFFFF, 0xDF86,
0x570C, 0x2B02, 0x4709, 0xE408, 0xA308, 0xA400, 0xA300, 0xA300, 0xA300, 0xA300, 0xC200, 0xC300,
0xE300, 0xE400, 0x4701, 0xC801, 0xEA01, 0x0B02, 0x4C02, 0x4D02, 0x6C02, 0x6C0A, 0x6C02, 0x8D02,
0x6D02, 0x6D02, 0x6D02, 0x6D02, 0x6D02, 0x8C02, 0x8C02, 0x8C02, 0x6D02, 0x6D02, 0x6D02, 0x6D02,
0x6D02, 0x6D02, 0x6D02, 0x6D02, 0x4D0A, 0x4C0A, 0x4C02, 0x4C02, 0x2B0A, 0x0B0A, 0xEA01, 0xCA01,
0x6801, 0x0601, 0xA300, 0x8200, 0x8200, 0x8200, 0x8200, 0x8200, 0x8200, 0x6308, 0x8300, 0xA200,
0x0401, 0x4709, 0x0B02, 0x5704, 0xDF86, 0xFFFF, 0xFFFF, 0xFFFF, 0xFFFF, 0xFFFF, 0xFFFF, 0xDF86,
0x3704, 0xCA01, 0x2601, 0xA300, 0x6200, 0x4200, 0x4100, 0x2100, 0x0000, 0x0000, 0x0000, 0x0000,
0x0000, 0x0000, 0x0000, 0x0000, 0x0000, 0x0000, 0x0000, 0x0000, 0x0000, 0x0000, 0x0000, 0x0000,
0x0000, 0x0000, 0x0000, 0x0000, 0x0000, 0x0000, 0x0000, 0x0000, 0x0000, 0x0000, 0x0000, 0x0000,
0x0000, 0x0000, 0x0000, 0x0000, 0x0000, 0x0000, 0x0000, 0x0000, 0x0000, 0x0000, 0x0000, 0x0000,
0x2000, 0x2000, 0x2000, 0x2000, 0x2000, 0x4100, 0x4100, 0x4100, 0x6100, 0x8200, 0x8200, 0x8200,
0xA300, 0x0501, 0x8801, 0x2A0A, 0x1704, 0x3804, 0x7804, 0x9904, 0x9904, 0x9904, 0x9A04, 0x9A0C,
0xB90C, 0x990C, 0x9904, 0x990C, 0x9904, 0x9A0C, 0x990C, 0x3E05, 0xDF76, 0xDF86, 0xDF7E, 0xDF86,
0xDF86, 0xDF86, 0xDF86, 0xFF76, 0x1604, 0x0A02, 0x4601, 0xE400, 0xA300, 0xC400, 0x8300, 0xA200,
0x8300, 0xA300, 0xA300, 0xC300, 0xC400, 0x0601, 0x8801, 0x2C0A, 0x160C, 0x580C, 0x7904, 0x7904,
0x7904, 0x780C, 0x7904, 0x9A04, 0x9A04, 0x9A04, 0x9904, 0x9904, 0x9904, 0x9904, 0x9904, 0x9904,
0x9A04, 0x9904, 0x9904, 0x9904, 0x9904, 0x9904, 0x9904, 0x9A04, 0x9A0C, 0x9904, 0x9904, 0x9904,
0x7904, 0x5804, 0x3804, 0x1704, 0x0B0A, 0x6801, 0xE500, 0xA300, 0x8200, 0x8200, 0x8200, 0x6100,
0x8200, 0x8200, 0xA300, 0xA200, 0xE400, 0x0609, 0xCA01, 0x1704, 0xDF86, 0xDF86, 0xFF7E, 0xDF86,
0xDF86, 0xFF7E, 0xDF86, 0xDF86, 0x1704, 0xA901, 0x0501, 0x8300, 0x6200, 0x4100, 0x4100, 0x2100,
0x0000, 0x0000, 0x0000, 0x0000, 0x0000, 0x0000, 0x0000, 0x0000, 0x0000, 0x0000, 0x0000, 0x0000,
0x0000, 0x0000, 0x0000, 0x0000, 0x0000, 0x0000, 0x0000, 0x0000, 0x0000, 0x0000, 0x0000, 0x0000,
0x0000, 0x0000, 0x0000, 0x0000, 0x0000, 0x0000, 0x0000, 0x0000, 0x2000, 0x0000, 0x0000, 0x0000,
0x0000, 0x0000, 0x2000, 0x2000, 0x2100, 0x2100, 0x2100, 0x2100, 0x4100, 0x4100, 0x6200, 0x6200,
0x8200, 0x8200, 0xA400, 0xA300, 0xE400, 0x2601, 0xEA01, 0x1604, 0xFF7E, 0xDF86, 0xFF7E, 0xDF86,
0xDF86, 0xFF7E, 0xDF86, 0xDF7E, 0x3F46, 0xDF7E, 0xDF7E, 0xDF86, 0xDF86, 0xDF7E, 0xDF86, 0xDF86,
0x5D05, 0x9804, 0x990C, 0x790C, 0x780C, 0x9804, 0x5704, 0x1704, 0x2B0A, 0xA801, 0x0501, 0xC300,
0x8200, 0x8200, 0x8200, 0x8200, 0x6200, 0xA200, 0x8300, 0xA300, 0xC400, 0x4601, 0xCA01, 0x1704,
0xDF86, 0xDF86, 0xFF7E, 0xDF86, 0xDF86, 0xFF7E, 0xDF86, 0xDF86, 0x3F46, 0xDF7E, 0xDF86, 0xDF86,
0xDF86, 0xDF7E, 0xDF86, 0xDF86, 0x3F3E, 0xFF7E, 0xFF7E, 0xDF86, 0xDF86, 0xFF7E, 0xDF7E, 0xDF7E,
0x1F46, 0xDF86, 0xFF7E, 0xDF86, 0xDF86, 0xDF7E, 0xDF86, 0xDF86, 0x1704, 0xCA01, 0x2501, 0xA300,
0x8200, 0x6200, 0x8100, 0x6200, 0x8200, 0x8200, 0x8200, 0x8200, 0xA300, 0xE500, 0x8701, 0x0A0A,
0x1704, 0x3704, 0x5804, 0x7904, 0x7904, 0x5804, 0x3704, 0x1704, 0x0A0A, 0x6701, 0xC400, 0x8300,
0x6100, 0x6100, 0x4100, 0x2000, 0x0000, 0x0000, 0x0000, 0x0000, 0x0000, 0x0000, 0x0000, 0x0000,
0x0000, 0x0000, 0x0000, 0x0000, 0x0000, 0x0000, 0x0000, 0x0000, 0x0000, 0x0000, 0x0000, 0x0000,
0x0000, 0x0000, 0x0000, 0x0000, 0x0000, 0x0000, 0x0000, 0x0000, 0x0000, 0x0000, 0x0000, 0x0000,
0x0000, 0x0000, 0x0000, 0x0000, 0x2100, 0x2100, 0x4100, 0x4100, 0x6000, 0x6000, 0x6100, 0x6100,
0x6100, 0x8100, 0x8200, 0xA200, 0x8200, 0x8300, 0xA400, 0xA300, 0xE408, 0x4709, 0x0B02, 0x570C,
0xDF86, 0xFFFF, 0xFFFF, 0xFFFF, 0xFFFF, 0xFFFF, 0xFFFF, 0xDF86, 0x3F46, 0xFFFF, 0xFFFF, 0xFFFF,
0xFFFF, 0xFFFF, 0xFFFF, 0xDF86, 0x9804, 0x710B, 0xF002, 0xAF0A, 0x6D0A, 0x4D02, 0x0B02, 0xCA01,
0x8801, 0x2601, 0xC400, 0x8300, 0x6200, 0x6200, 0x6200, 0x6200, 0x6200, 0x8200, 0x8300, 0xA300,
0xC400, 0x4601, 0xEB01, 0x3804, 0xDF86, 0xFFFF, 0xFFFF, 0xFFFF, 0xFFFF, 0xFFFF, 0xFFFF, 0xDF86,
0x3F46, 0xFFFF, 0xFFFF, 0xFFFF, 0xFFFF, 0xFFFF, 0xFFFF, 0xDF86, 0x3F4E, 0xFFFF, 0xFFFF, 0xFFFF,
0xFFFF, 0xFFFF, 0xFFFF, 0xDF86, 0x3F46, 0xFFFF, 0xFFFF, 0xFFFF, 0xFFFF, 0xFFFF, 0xFFFF, 0xDF86,
0x3804, 0xEA01, 0x4601, 0xC400, 0x8200, 0x6200, 0x8100, 0x6200, 0x6200, 0x6100, 0x6100, 0x6200,
0x8200, 0xA400, 0x0501, 0x6701, 0xA901, 0xCA01, 0x0B02, 0x0B02, 0x0B02, 0x0B02, 0xCA01, 0xA901,
0x6701, 0xE500, 0x8300, 0x6200, 0x4100, 0x4100, 0x4100, 0x2000, 0x0000, 0x0000, 0x0000, 0x0000,
0x0000, 0x0000, 0x0000, 0x0000, 0x0000, 0x0000, 0x0000, 0x0000, 0x0000, 0x0000, 0x0000, 0x0000,
0x0000, 0x0000, 0x0000, 0x0000, 0x0000, 0x0000, 0x0000, 0x0000, 0x0000, 0x0000, 0x0000, 0x0000,
0x0000, 0x0000, 0x0000, 0x0000, 0x0000, 0x2000, 0x2000, 0x2000, 0x4000, 0x4100, 0x4100, 0x4100,
0x4200, 0x4200, 0x4200, 0x6200, 0x8200, 0x8200, 0x8300, 0xA300, 0xC400, 0xC400, 0xE500, 0xE400,
0x2601, 0x8801, 0x4C02, 0x780C, 0xFF7E, 0xFFFF, 0xFFFF, 0xFFFF, 0xFFFF, 0xFFFF, 0xFFFF, 0xFF7E,
0x5F3E, 0xFFFF, 0xFFFF, 0xFFFF, 0xFFFF, 0xFFFF, 0xFFFF, 0xFF7E, 0x990C, 0xF002, 0x2D02, 0xCA01,
0x8809, 0x8801, 0x4709, 0x0609, 0xE500, 0xC400, 0x8300, 0x6200, 0x4100, 0x4100, 0x4100, 0x4200,
0x6200, 0x8100, 0x6200, 0xA300, 0xC400, 0x6701, 0x0B02, 0x7804, 0xDF7E, 0xFFFF, 0xFFFF, 0xFFFF,
0xFFFF, 0xFFFF, 0xFFFF, 0xDF7E, 0x5F3E, 0xFFFF, 0xFFFF, 0xFFFF, 0xFFFF, 0xFFFF, 0xFFFF, 0xFF7E,
0x5F46, 0xFFFF, 0xFFFF, 0xDFFF, 0xFFFF, 0xFFFF, 0xFFFF, 0xFF7E, 0x3F3E, 0xFFFF, 0xFFFF, 0xFFFF,
0xFFFF, 0xFFFF, 0xFFFF, 0xDF7E, 0x5804, 0x0B0A, 0x6701, 0xC400, 0x8200, 0x6200, 0x8100, 0x4200,
0x4100, 0x4100, 0x4100, 0x4100, 0x6200, 0x8300, 0xA400, 0xC500, 0x0501, 0x2601, 0x4601, 0x6701,
0x6701, 0x4601, 0x2601, 0x0501, 0xC400, 0x8300, 0x6200, 0x6200, 0x4100, 0x2100, 0x2000, 0x0000,
0x0000, 0x0000, 0x0000, 0x0000, 0x0000, 0x0000, 0x0000, 0x0000, 0x0000, 0x0000, 0x0000, 0x0000,
0x0000, 0x0000, 0x0000, 0x0000, 0x0000, 0x0000, 0x0000, 0x0000, 0x0000, 0x0000, 0x0000, 0x0000,
0x0000, 0x0000, 0x0000, 0x0000, 0x0000, 0x0000, 0x0000, 0x0000, 0x0000, 0x2100, 0x2000, 0x2000,
0x4100, 0x4100, 0x6100, 0x6100, 0x6200, 0x8200, 0x8200, 0xA200, 0xA300, 0xA300, 0xC300, 0xC300,
0xE400, 0xE300, 0x0501, 0x0409, 0x4501, 0xA801, 0x6D02, 0x780C, 0xDF86, 0xFFFF, 0xFFFF, 0xFFFF,
0xFFFF, 0xFFFF, 0xFFFF, 0xDF86, 0x3F46, 0xFFFF, 0xDFFF, 0xFFFF, 0xFFFF, 0xFFFF, 0xFFFF, 0xDF86,
0x790C, 0x8E02, 0xCA01, 0x6701, 0x4509, 0x2501, 0x0401, 0xE400, 0xA400, 0x8300, 0x8200, 0x6100,
0x4100, 0x4100, 0x4100, 0x4100, 0x4200, 0x8100, 0x6200, 0xA300, 0xE400, 0x8701, 0x2C02, 0x7904,
0xDF86, 0xFFFF, 0xFFFF, 0xFFFF, 0xFFFF, 0xFFFF, 0xFFFF, 0xDF86, 0x1F4E, 0xFFFF, 0xFFFF, 0xFFFF,
0xFFFF, 0xFFFF, 0xFFFF, 0xDF86, 0x3F46, 0xFFFF, 0xFFFF, 0xFFFF, 0xFFFF, 0xFFFF, 0xFFFF, 0xDF86,
0x3F46, 0xFFFF, 0xFFFF, 0xFFFF, 0xFFFF, 0xFFFF, 0xFFFF, 0xDF86, 0x7904, 0x2B0A, 0x8701, 0xE400,
0xA200, 0x6200, 0x6100, 0x4200, 0x2100, 0x2100, 0x4100, 0x4100, 0x6100, 0x6200, 0x8300, 0x8300,
0x8300, 0xA300, 0xA400, 0xA400, 0xA400, 0xA400, 0xA300, 0x8300, 0x8300, 0x6200, 0x6200, 0x4100,
0x2000, 0x2000, 0x2000, 0x0000, 0x0000, 0x0000, 0x0000, 0x0000, 0x0000, 0x0000, 0x0000, 0x0000,
0x0000, 0x0000, 0x0000, 0x0000, 0x0000, 0x0000, 0x0000, 0x0000, 0x0000, 0x0000, 0x0000, 0x0000,
0x0000, 0x0000, 0x0000, 0x0000, 0x0000, 0x0000, 0x0000, 0x0000, 0x0000, 0x0000, 0x0000, 0x0000,
0x0000, 0x2100, 0x2100, 0x2100, 0x4100, 0x6200, 0x8200, 0x8300, 0xA300, 0xA300, 0xC400, 0xE400,
0xE500, 0x0501, 0x0501, 0x0501, 0x4501, 0x2509, 0x6601, 0x6601, 0x8801, 0x0B02, 0xAF02, 0x9904,
0xDF86, 0xFFFF, 0xFFFF, 0xFFFF, 0xFFFF, 0xFFFF, 0xFFFF, 0xDF86, 0x3F46, 0xFFFF, 0xDFFF, 0xFFFF,
0xFFFF, 0xFFFF, 0xFFFF, 0xDF86, 0x780C, 0x6C02, 0x8809, 0x4509, 0x0301, 0xE300, 0xA200, 0xA200,
0x8200, 0x6200, 0x4100, 0x4100, 0x2000, 0x4100, 0x4100, 0x4100, 0x4100, 0x8100, 0x6200, 0xA300,
0xE400, 0x8701, 0x2C02, 0x9904, 0xDF86, 0xFFFF, 0xFFFF, 0xFFFF, 0xFFFF, 0xFFFF, 0xFFFF, 0xDF86,
0x1F4E, 0xFFFF, 0xFFFF, 0xFFFF, 0xFFFF, 0xFFFF, 0xFFFF, 0xDF86, 0x3F46, 0xFFFF, 0xFFFF, 0xFFFF,
0xFFFF, 0xFFFF, 0xFFFF, 0xDF86, 0x3F46, 0xFFFF, 0xFFFF, 0xFFFF, 0xFFFF, 0xFFFF, 0xFFFF, 0xDF86,
0x9904, 0x4C02, 0x8701, 0xE400, 0xA300, 0x6200, 0x6100, 0x4200, 0x4100, 0x4100, 0x4100, 0x4000,
0x4000, 0x4100, 0x6100, 0x4200, 0x6200, 0x6200, 0x8200, 0x8200, 0x8200, 0x8200, 0x6200, 0x6200,
0x6100, 0x4100, 0x4100, 0x2000, 0x2000, 0x2000, 0x2000, 0x0000, 0x0000, 0x0000, 0x0000, 0x0000,
0x0000, 0x0000, 0x0000, 0x0000, 0x0000, 0x0000, 0x0000, 0x0000, 0x0000, 0x0000, 0x0000, 0x0000,
0x0000, 0x0000, 0x0000, 0x0000, 0x0000, 0x0000, 0x0000, 0x0000, 0x0000, 0x0000, 0x0000, 0x0000,
0x0000, 0x0000, 0x0000, 0x2000, 0x2100, 0x2100, 0x2100, 0x4100, 0x6200, 0x8300, 0xA400, 0xC400,
0x0501, 0x4601, 0x6701, 0x8701, 0xA701, 0xA801, 0xA801, 0xA801, 0xC901, 0xA809, 0xC901, 0xC901,
0x0B02, 0x6D02, 0xF00A, 0x990C, 0xFF7E, 0xFFFF, 0xFFFF, 0xFFFF, 0xFFFF, 0xFFFF, 0xFFFF, 0xFF7E,
0x5F3E, 0xFFFF, 0xFFFF, 0xFFFF, 0xFFFF, 0xFFFF, 0xFFFF, 0xFF7E, 0x9804, 0x4C02, 0x8801, 0x2501,
0xE300, 0xA400, 0x8300, 0x8300, 0x6200, 0x4100, 0x4100, 0x4100, 0x4000, 0x4100, 0x4100, 0x4100,
0x4100, 0x8100, 0x8200, 0xA300, 0xE500, 0x8801, 0x4C02, 0x9904, 0xDF7E, 0xFFFF, 0xFFFF, 0xDFFF,
0xDFFF, 0xFFFF, 0xFFFF, 0xDF7E, 0x5F3E, 0xFFFF, 0xFFFF, 0xFFFF, 0xFFFF, 0xFFFF, 0xFFFF, 0xFF7E,
0x5F46, 0xFFFF, 0xFFFF, 0xFFFF, 0xFFFF, 0xFFFF, 0xFFFF, 0xDF7E, 0x3F46, 0xFFFF, 0xFFFF, 0xFFFF,
0xFFFF, 0xFFFF, 0xFFFF, 0xFF7E, 0x9904, 0x4C02, 0x8801, 0xE500, 0xA300, 0x8200, 0x8100, 0x4100,
0x4100, 0x4100, 0x4100, 0x4100, 0x2000, 0x4000, 0x4100, 0x4100, 0x4100, 0x4200, 0x6200, 0x6200,
0x6200, 0x6200, 0x4200, 0x4100, 0x6100, 0x4100, 0x2100, 0x2000, 0x2000, 0x2000, 0x2000, 0x0000,
0x0000, 0x0000, 0x0000, 0x0000, 0x0000, 0x0000, 0x0000, 0x0000, 0x0000, 0x0000, 0x0000, 0x0000,
0x0000, 0x0000, 0x0000, 0x0000, 0x0000, 0x0000, 0x0000, 0x0000, 0x0000, 0x0000, 0x0000, 0x0000,
0x0000, 0x0000, 0x0000, 0x0000, 0x0000, 0x0000, 0x2000, 0x2000, 0x4100, 0x4100, 0x4100, 0x6200,
0x8300, 0xA400, 0x0501, 0x6701, 0xCA01, 0xEA01, 0x0B02, 0x2C02, 0x4C02, 0x4C02, 0x4D0A, 0x6D0A,
0x8E02, 0x8D02, 0x8E02, 0xAD02, 0xCF02, 0x100B, 0x510B, 0x780C, 0xDF86, 0xFFFF, 0xFFFF, 0xFFFF,
0xFFFF, 0xFFFF, 0xFFFF, 0xDF86, 0x3F46, 0xFFFF, 0xFFFF, 0xFFFF, 0xFFFF, 0xFFFF, 0xFFFF, 0xDF86,
0x5704, 0x0B02, 0x2609, 0xE400, 0xA200, 0x8300, 0x6208, 0x4200, 0x6100, 0x4100, 0x2100, 0x2100,
0x2000, 0x2000, 0x4100, 0x4100, 0x4100, 0x8100, 0x8200, 0xA300, 0xE500, 0x8801, 0x4C0A, 0x9904,
0xDF7E, 0xFFFF, 0xFFFF, 0xFFFF, 0xFFFF, 0xFFFF, 0xFFFF, 0xDF7E, 0x3F46, 0xFFFF, 0xFFFF, 0xFFFF,
0xFFFF, 0xFFFF, 0xFFFF, 0xDF86, 0x3F4E, 0xFFFF, 0xFFFF, 0xFFFF, 0xFFFF, 0xFFFF, 0xFFFF, 0xDF86,
0x5F4E, 0xFFF7, 0xFFFF, 0xFFFF, 0xFFFF, 0xFFFF, 0xFFFF, 0xDF86, 0x9904, 0x4C0A, 0x8801, 0xE500,
0xA300, 0x8300, 0x8200, 0x4100, 0x4100, 0x2100, 0x2100, 0x2100, 0x2000, 0x2000, 0x4100, 0x4100,
0x4100, 0x4100, 0x6000, 0x6000, 0x6000, 0x6000, 0x4100, 0x4100, 0x4100, 0x4100, 0x2000, 0x2000,
0x2000, 0x2000, 0x0000, 0x0000, 0x0000, 0x0000, 0x0000, 0x0000, 0x0000, 0x0000, 0x0000, 0x0000,
0x0000, 0x0000, 0x0000, 0x0000, 0x0000, 0x0000, 0x0000, 0x0000, 0x0000, 0x0000, 0x0000, 0x0000,
0x0000, 0x0000, 0x0000, 0x0000, 0x0000, 0x0000, 0x0000, 0x0000, 0x0000, 0x2000, 0x2000, 0x2000,
0x4100, 0x6100, 0x6100, 0x8200, 0xA300, 0xE500, 0x8801, 0x0A0A, 0x1704, 0x3804, 0x7804, 0x9904,
0x9904, 0x9904, 0x9A04, 0x9A0C, 0x9A04, 0x990C, 0x9A04, 0x9904, 0x9904, 0x990C, 0x980C, 0x5E05,
0xDF76, 0xDF86, 0xFF7E, 0xDF86, 0xDF86, 0xFF7E, 0xDF86, 0xFF7E, 0x3F46, 0xDF7E, 0xDF7E, 0xDF86,
0xDF86, 0xDF7E, 0xDF86, 0xDF86, 0x3704, 0xCA01, 0x0609, 0xE400, 0xA200, 0x8300, 0x6200, 0x6100,
0x4100, 0x2100, 0x0000, 0x0100, 0x0000, 0x0000, 0x4100, 0x4100, 0x4100, 0x8100, 0x8200, 0xA300,
0xE500, 0xA801, 0x4D0A, 0x9A0C, 0x3F46, 0x3F46, 0x5F3E, 0x3F46, 0x3F46, 0x5F3E, 0x3F46, 0x3F46,
0x3F46, 0xDF7E, 0xDF86, 0xDF86, 0xDF86, 0xDF7E, 0xDF86, 0xDF86, 0x3F46, 0xFF7E, 0xFF7E, 0xDF86,
0xDF86, 0xFF7E, 0xDF7E, 0xBF7E, 0xDF1D, 0x5F4E, 0x3F46, 0x3F46, 0x3F46, 0x3F3E, 0x3F46, 0x1F46,
0x9A0C, 0x4D0A, 0xA801, 0xE500, 0xA300, 0x8300, 0x8200, 0x4100, 0x4100, 0x2100, 0x0000, 0x2000,
0x0000, 0x0000, 0x2000, 0x2000, 0x2100, 0x2100, 0x2100, 0x2100, 0x2100, 0x2100, 0x2100, 0x2100,
0x2000, 0x2000, 0x0000, 0x0000, 0x0000, 0x0000, 0x0000, 0x0000, 0x0000, 0x0000, 0x0000, 0x0000,
0x0000, 0x0000, 0x0000, 0x0000, 0x0000, 0x0000, 0x0000, 0x0000, 0x0000, 0x0000, 0x0000, 0x0000,
0x0000, 0x0000, 0x0000, 0x0000, 0x0000, 0x0000, 0x0000, 0x0000, 0x2000, 0x0000, 0x0000, 0x0000,
0x0000, 0x2100, 0x4100, 0x4100, 0x6100, 0x6200, 0x8300, 0xA200, 0xE400, 0x0609, 0xCA01, 0x1704,
0xFF7E, 0xDF86, 0xFF7E, 0xDF86, 0xDF86, 0xFF7E, 0xDF86, 0xDF7E, 0x3F46, 0xDF7E, 0xDF7E, 0xDF86,
0xDF86, 0xDF7E, 0xDF86, 0xDF86, 0x5E05, 0x980C, 0x990C, 0x9904, 0x9904, 0x9A04, 0x990C, 0x9A04,
0x9A0C, 0x9A04, 0x9904, 0x9904, 0x9904, 0x7804, 0x3804, 0x1704, 0x0A0A, 0x8801, 0xE500, 0xA300,
0x8200, 0x6100, 0x6100, 0x4100, 0x2100, 0x2000, 0x2000, 0x2000, 0x0000, 0x2000, 0x2100, 0x4100,
0x4100, 0x6100, 0x8300, 0xA300, 0x0501, 0xA801, 0x6D02, 0x9A04, 0xDF86, 0xDF86, 0xFF7E, 0xDF86,
0xDF86, 0xFF7E, 0xDF86, 0xDF86, 0x5E05, 0xB90C, 0xBA0C, 0xBA04, 0xB90C, 0xBA04, 0x990C, 0xBA04,
0xBA04, 0x990C, 0xBA04, 0xB90C, 0xBA04, 0xBA0C, 0xB90C, 0x5E05, 0xDF86, 0xDF86, 0xFF7E, 0xDF86,
0xDF86, 0xFF7E, 0xDF86, 0xDF86, 0x9A04, 0x6D02, 0xA801, 0x0501, 0xA300, 0x8300, 0x6100, 0x4100,
0x4100, 0x2000, 0x2000, 0x0000, 0x0000, 0x0000, 0x0000, 0x0000, 0x2000, 0x2000, 0x2000, 0x2000,
0x2000, 0x2000, 0x2000, 0x2000, 0x0000, 0x0000, 0x0000, 0x0000, 0x0000, 0x0000, 0x0000, 0x0000,
0x0000, 0x0000, 0x0000, 0x0000, 0x0000, 0x0000, 0x0000, 0x0000, 0x0000, 0x0000, 0x0000, 0x0000,
0x0000, 0x0000, 0x0000, 0x0000, 0x0000, 0x0000, 0x0000, 0x0000, 0x0000, 0x0000, 0x0000, 0x0000,
0x0000, 0x0000, 0x2000, 0x2000, 0x0100, 0x2100, 0x4100, 0x6100, 0x6200, 0x6208, 0x8300, 0xC300,
0xE400, 0x2709, 0x0B02, 0x7804, 0xDF86, 0xFFFF, 0xFFFF, 0xFFFF, 0xFFFF, 0xFFFF, 0xFFFF, 0xDF86,
0x3F46, 0xFFFF, 0xFFFF, 0xFFFF, 0xFFFF, 0xFFFF, 0xFFFF, 0xDF86, 0x780C, 0x510B, 0x100B, 0xCF02,
0xAD02, 0x8E02, 0x8D02, 0x8E02, 0x6D0A, 0x4D0A, 0x4C02, 0x4C02, 0x2C02, 0x0B02, 0xEA01, 0xCA01,
0x6701, 0x0501, 0xA400, 0x8300, 0x6200, 0x4100, 0x4100, 0x4100, 0x2000, 0x2000, 0x0000, 0x0000,
0x0000, 0x2000, 0x2100, 0x2100, 0x4100, 0x6100, 0x8300, 0xA308, 0x0501, 0xA801, 0x6D02, 0x9904,
0xDF86, 0xFFFF, 0xFFFF, 0xFFFF, 0xFFFF, 0xFFFF, 0xFFFF, 0xDF86, 0xB90C, 0xB213, 0x310B, 0xEF02,
0xCE02, 0xAE02, 0x8E0A, 0xAE02, 0xAE02, 0x8E0A, 0xAE02, 0xCE02, 0xEF02, 0x310B, 0xB213, 0xB90C,
0xDF86, 0xFFFF, 0xFFFF, 0xFFFF, 0xFFFF, 0xFFFF, 0xFFFF, 0xDF86, 0x9904, 0x6D02, 0xA801, 0x0501,
0xA308, 0x8300, 0x6100, 0x4100, 0x4100, 0x2000, 0x2000, 0x0000, 0x0000, 0x0000, 0x0000, 0x0000,
0x0000, 0x0000, 0x0000, 0x0000, 0x0000, 0x0000, 0x0000, 0x0000, 0x0000, 0x0000, 0x0000, 0x0000,
0x0000, 0x0000, 0x0000, 0x0000, 0x0000, 0x0000, 0x0000, 0x0000, 0x0000, 0x0000, 0x0000, 0x0000,
0x0000, 0x0000, 0x0000, 0x0000, 0x0000, 0x0000, 0x0000, 0x0000, 0x0000, 0x0000, 0x0000, 0x0000,
0x0000, 0x0000, 0x0000, 0x0000, 0x0000, 0x0000, 0x2000, 0x2000, 0x2100, 0x2100, 0x4100, 0x6100,
0x8300, 0xA300, 0xC400, 0xE400, 0x2501, 0x8801, 0x4C02, 0x9904, 0xFF7E, 0xFFFF, 0xFFFF, 0xFFFF,
0xFFFF, 0xFFFF, 0xFFFF, 0xFF7E, 0x5F3E, 0xFFFF, 0xFFFF, 0xFFFF, 0xFFFF, 0xFFFF, 0xFFFF, 0xFF7E,
0x990C, 0xF00A, 0x6D02, 0x0B02, 0xC901, 0xC901, 0xA809, 0xC901, 0xA801, 0xA801, 0xA801, 0xA701,
0x8701, 0x6701, 0x4601, 0x0501, 0xC400, 0xA400, 0x8300, 0x6200, 0x4100, 0x2100, 0x2100, 0x2100,
0x2000, 0x2000, 0x0000, 0x0000, 0x0000, 0x0000, 0x2100, 0x2100, 0x4200, 0x6100, 0x8300, 0xA308,
0x0501, 0xA801, 0x6D02, 0x9904, 0xDF7E, 0xFFFF, 0xFFFF, 0xFFFF, 0xFFFF, 0xFFFF, 0xFFFF, 0xDF7E,
0xBA0C, 0x310B, 0x8E02, 0x2B02, 0x0A02, 0xEA01, 0xC909, 0xEA09, 0xEA09, 0xC909, 0xEA01, 0x0A02,
0x2B02, 0x8E02, 0x310B, 0xBA0C, 0xFF7E, 0xFFFF, 0xFFFF, 0xFFFF, 0xFFFF, 0xFFFF, 0xFFFF, 0xFF7E,
0x9904, 0x6D02, 0xA801, 0x0501, 0xA308, 0x8300, 0x6100, 0x4200, 0x4100, 0x2000, 0x0000, 0x0000,
0x0000, 0x0000, 0x0000, 0x0000, 0x0000, 0x0000, 0x0000, 0x0000, 0x0000, 0x0000, 0x0000, 0x0000,
0x0000, 0x0000, 0x0000, 0x0000, 0x0000, 0x0000, 0x0000, 0x0000, 0x0000, 0x0000, 0x0000, 0x0000,
0x0000, 0x0000, 0x0000, 0x0000, 0x0000, 0x0000, 0x0000, 0x0000, 0x0000, 0x0000, 0x0000, 0x0000,
0x0000, 0x0000, 0x0000, 0x0000, 0x0000, 0x0000, 0x0000, 0x0000, 0x0000, 0x2000, 0x2000, 0x2000,
0x2100, 0x4100, 0x6200, 0x8200, 0xC200, 0xC200, 0xC300, 0x0301, 0x4501, 0xA809, 0x6C02, 0x7804,
0xDF86, 0xFFFF, 0xFFFF, 0xFFFF, 0xFFFF, 0xFFFF, 0xFFFF, 0xDF86, 0x3F46, 0xFFFF, 0xDFFF, 0xFFFF,
0xFFFF, 0xFFFF, 0xFFFF, 0xDF86, 0x9904, 0xAF02, 0x0B02, 0x8801, 0x6601, 0x6601, 0x2509, 0x4501,
0x0501, 0x0501, 0x0501, 0xE500, 0xE400, 0xC400, 0xA300, 0xA300, 0x8300, 0x8200, 0x6200, 0x4100,
0x2100, 0x2100, 0x2100, 0x0000, 0x0000, 0x0000, 0x0000, 0x0000, 0x0000, 0x0000, 0x2100, 0x2100,
0x4200, 0x8200, 0x8300, 0xC308, 0x0501, 0xA801, 0x6D02, 0x9904, 0xDF86, 0xFFFF, 0xFFFF, 0xFFFF,
0xFFFF, 0xFFFF, 0xFFFF, 0xDF86, 0xBA04, 0xEF02, 0x2B02, 0xC901, 0x8709, 0x8701, 0x6609, 0x6601,
0x6601, 0x6609, 0x8701, 0x8709, 0xC901, 0x2B02, 0xEF02, 0xBA04, 0xDF86, 0xFFFF, 0xFFFF, 0xFFFF,
0xFFFF, 0xFFFF, 0xFFFF, 0xDF86, 0x9904, 0x6D02, 0xA801, 0x0501, 0xC308, 0x8300, 0x8200, 0x4200,
0x2000, 0x2000, 0x0000, 0x0000, 0x0000, 0x0000, 0x0000, 0x0000, 0x0000, 0x0000, 0x0000, 0x0000,
0x0000, 0x0000, 0x0000, 0x0000, 0x0000, 0x0000, 0x0000, 0x0000, 0x0000, 0x0000, 0x0000, 0x0000,
0x0000, 0x0000, 0x0000, 0x0000, 0x0000, 0x0000, 0x0000, 0x0000, 0x0000, 0x0000, 0x0000, 0x0000,
0x0000, 0x0000, 0x0000, 0x0000, 0x0000, 0x0000, 0x0000, 0x0000, 0x0000, 0x0000, 0x0000, 0x0000,
0x0000, 0x2000, 0x2000, 0x2000, 0x4100, 0x6200, 0x8300, 0xA300, 0xE400, 0x0401, 0x2501, 0x4501,
0x6701, 0xEB01, 0x8E02, 0x790C, 0xDF86, 0xFFFF, 0xFFFF, 0xFFFF, 0xFFFF, 0xFFFF, 0xFFFF, 0xDF86,
0x3F46, 0xFFFF, 0xDFFF, 0xFFFF, 0xFFFF, 0xFFFF, 0xFFFF, 0xDF86, 0x780C, 0x6D02, 0xA801, 0x4501,
0x0409, 0x0501, 0xE300, 0xE400, 0xC300, 0xC300, 0xA300, 0xA300, 0xA200, 0x8200, 0x8200, 0x6200,
0x6100, 0x6100, 0x4100, 0x4100, 0x2000, 0x2000, 0x2100, 0x0000, 0x0000, 0x0000, 0x0000, 0x0000,
0x0000, 0x0000, 0x2000, 0x2100, 0x4200, 0x8200, 0x8300, 0xC308, 0x0501, 0xA801, 0x6D02, 0x9904,
0xDF86, 0xFFFF, 0xFFFF, 0xFFFF, 0xFFFF, 0xFFFF, 0xFFFF, 0xDF86, 0xB90C, 0xCE02, 0x0A02, 0x8709,
0x4501, 0x2601, 0x2509, 0x2501, 0x2501, 0x2509, 0x2601, 0x4501, 0x8709, 0x0A02, 0xCE02, 0xB90C,
0xDF86, 0xFFFF, 0xFFFF, 0xFFFF, 0xFFFF, 0xFFFF, 0xFFFF, 0xDF86, 0x9904, 0x6D02, 0xA801, 0x0501,
0xC308, 0x8300, 0x8200, 0x4200, 0x2000, 0x2000, 0x0000, 0x0000, 0x0000, 0x0000, 0x0000, 0x0000,
0x0000, 0x0000, 0x0000, 0x0000, 0x0000, 0x0000, 0x0000, 0x0000, 0x0000, 0x0000, 0x0000, 0x0000,
0x0000, 0x0000, 0x0000, 0x0000, 0x0000, 0x0000, 0x0000, 0x0000, 0x0000, 0x0000, 0x0000, 0x0000,
0x0000, 0x0000, 0x0000, 0x0000, 0x0000, 0x0000, 0x0000, 0x0000, 0x0000, 0x0000, 0x0000, 0x0000,
0x0000, 0x0000, 0x0000, 0x0000, 0x0000, 0x2000, 0x4000, 0x4100, 0x6200, 0x8300, 0xA400, 0xE500,
0x0601, 0x4709, 0x8801, 0x8809, 0xCA01, 0x2D02, 0xF002, 0x9904, 0xFF7E, 0xFFFF, 0xFFFF, 0xFFFF,
0xFFFF, 0xFFFF, 0xFFFF, 0xFF7E, 0x5F3E, 0xFFFF, 0xFFFF, 0xFFFF, 0xFFFF, 0xFFFF, 0xFFFF, 0xFF7E,
0x780C, 0x4C02, 0x8801, 0x2601, 0xE400, 0xE500, 0xC400, 0xC400, 0xA300, 0x8300, 0x8200, 0x8200,
0x6200, 0x4200, 0x4200, 0x4200, 0x4100, 0x4100, 0x4100, 0x4000, 0x2000, 0x2000, 0x2000, 0x0000,
0x0000, 0x0000, 0x0000, 0x0000, 0x0000, 0x0000, 0x2000, 0x2100, 0x4200, 0x6100, 0x8300, 0xA308,
0x0501, 0xA801, 0x6D02, 0x9904, 0xDF7E, 0xFFFF, 0xFFFF, 0xDFFF, 0xDFFF, 0xFFFF, 0xFFFF, 0xDF7E,
0xBA04, 0xAE02, 0xEA01, 0x8701, 0x2601, 0x2701, 0x0601, 0x2601, 0x2601, 0x0601, 0x2701, 0x2601,
0x8701, 0xEA01, 0xAE02, 0xBA04, 0xFF7E, 0xFFFF, 0xFFFF, 0xFFFF, 0xFFFF, 0xFFFF, 0xFFFF, 0xFF7E,
0x9904, 0x6D02, 0xA801, 0x0501, 0xA308, 0x8300, 0x6100, 0x4200, 0x2000, 0x2000, 0x0000, 0x0000,
0x0000, 0x0000, 0x0000, 0x0000, 0x0000, 0x0000, 0x0000, 0x0000, 0x0000, 0x0000, 0x0000, 0x0000,
0x0000, 0x0000, 0x0000, 0x0000, 0x0000, 0x0000, 0x0000, 0x0000, 0x0000, 0x0000, 0x0000, 0x0000,
0x0000, 0x0000, 0x0000, 0x0000, 0x0000, 0x0000, 0x0000, 0x0000, 0x0000, 0x0000, 0x0000, 0x0000,
0x0000, 0x0000, 0x0000, 0x0000, 0x0000, 0x0000, 0x0000, 0x0000, 0x2000, 0x4100, 0x4100, 0x6100,
0x8200, 0xA400, 0x0501, 0x8701, 0xCA01, 0x0B02, 0x4C02, 0x6D0A, 0x8E02, 0xF002, 0x5103, 0x9804,
0xDF86, 0xFFFF, 0xFFFF, 0xFFFF, 0xFFFF, 0xFFFF, 0xFFFF, 0xDF86, 0x3F46, 0xFFFF, 0xFFFF, 0xFFFF,
0xFFFF, 0xFFFF, 0xFFFF, 0xDF86, 0x570C, 0x0B02, 0x4709, 0xE408, 0xA300, 0xA400, 0x8300, 0x8200,
0xA200, 0x8200, 0x8100, 0x6100, 0x6100, 0x6100, 0x6000, 0x6000, 0x4100, 0x4100, 0x2100, 0x2100,
0x0000, 0x0000, 0x0000, 0x0000, 0x0000, 0x0000, 0x0000, 0x0000, 0x0000, 0x0000, 0x2000, 0x2100,
0x4100, 0x6100, 0x8300, 0xA308, 0x0501, 0xA801, 0x6D02, 0x9904, 0xDF7E, 0xFFFF, 0xFFFF, 0xFFFF,
0xFFFF, 0xFFFF, 0xFFFF, 0xDF7E, 0x990C, 0x8E0A, 0xC909, 0x6609, 0x2509, 0x0601, 0xE400, 0xE400,
0xE400, 0xE400, 0x0601, 0x2509, 0x6609, 0xC909, 0x8E0A, 0x990C, 0xDF86, 0xFFFF, 0xFFFF, 0xFFFF,
0xFFFF, 0xFFFF, 0xFFFF, 0xDF86, 0x9904, 0x6D02, 0xA801, 0x0501, 0xA308, 0x8300, 0x6100, 0x4100,
0x4100, 0x2000, 0x0000, 0x0000, 0x0000, 0x0000, 0x0000, 0x0000, 0x0000, 0x0000, 0x0000, 0x0000,
0x0000, 0x0000, 0x0000, 0x0000, 0x0000, 0x0000, 0x0000, 0x0000, 0x0000, 0x0000, 0x0000, 0x0000,
0x0000, 0x0000, 0x0000, 0x0000, 0x0000, 0x0000, 0x0000, 0x0000, 0x0000, 0x0000, 0x0000, 0x0000,
0x0000, 0x0000, 0x0000, 0x0000, 0x0000, 0x0000, 0x0000, 0x0000, 0x0000, 0x0000, 0x0000, 0x0000,
0x2000, 0x4100, 0x4100, 0x6100, 0x8300, 0xC500, 0x6701, 0x0A0A, 0x1704, 0x5804, 0x7804, 0x780C,
0x790C, 0x9A0C, 0x9804, 0x5D05, 0xDF76, 0xDF86, 0xFF7E, 0xDF86, 0xDF86, 0xFF7E, 0xDF86, 0xFF7E,
0x3F46, 0xDF7E, 0xDF7E, 0xDF86, 0xDF86, 0xDF7E, 0xDF86, 0xDF86, 0x1604, 0xEA01, 0x2601, 0xE400,
0xA300, 0xA400, 0x8200, 0x8200, 0x6200, 0x6200, 0x4100, 0x4100, 0x2100, 0x2100, 0x2100, 0x2100,
0x2000, 0x2000, 0x0000, 0x0000, 0x0000, 0x0000, 0x0000, 0x2000, 0x0000, 0x0000, 0x0000, 0x0000,
0x0000, 0x0000, 0x2000, 0x2100, 0x4100, 0x6100, 0x8300, 0xA300, 0x0501, 0xA801, 0x6D02, 0x9A04,
0x3F46, 0x3F46, 0x5F3E, 0x3F46, 0x3F46, 0x5F3E, 0x3F46, 0x3F46, 0xBA04, 0xAE02, 0xEA09, 0x6601,
0x2501, 0x2601, 0xE400, 0x0301, 0x0301, 0xE400, 0x2601, 0x2501, 0x6601, 0xEA09, 0xAE02, 0xBA04,
0xDF86, 0xDF86, 0xFF7E, 0xDF86, 0xDF86, 0xFF7E, 0xDF86, 0xDF86, 0x9A04, 0x6D02, 0xA801, 0x0501,
0xA300, 0x8300, 0x6100, 0x4100, 0x2100, 0x2000, 0x0000, 0x0000, 0x0000, 0x0000, 0x0000, 0x0000,
0x0000, 0x0000, 0x0000, 0x0000, 0x0000, 0x0000, 0x0000, 0x0000, 0x0000, 0x0000, 0x0000, 0x0000,
0x0000, 0x0000, 0x0000, 0x0000, 0x0000, 0x0000, 0x0000, 0x0000, 0x0000, 0x0000, 0x0000, 0x0000,
0x0000, 0x0000, 0x0000, 0x0000, 0x0000, 0x0000, 0x0000, 0x0000, 0x0000, 0x0000, 0x0000, 0x0000,
0x0000, 0x0000, 0x0000, 0x2000, 0x2100, 0x4100, 0x4100, 0x6200, 0x8300, 0x0501, 0xA901, 0x1704,
0xDF86, 0xDF86, 0xFF7E, 0xDF86, 0xDF86, 0xFF7E, 0xDF86, 0xDF86, 0x5E05, 0x990C, 0x9A0C, 0x9904,
0x990C, 0x9904, 0x990C, 0x9904, 0x9A0C, 0x9A04, 0x9904, 0x9904, 0x9904, 0x7804, 0x3804, 0x1704,
0x2A0A, 0x8801, 0x0501, 0xA300, 0x8200, 0x8200, 0x8200, 0x6100, 0x4100, 0x4100, 0x4100, 0x2000,
0x2000, 0x2000, 0x2000, 0x2000, 0x0000, 0x0000, 0x0000, 0x0000, 0x0000, 0x0000, 0x0000, 0x0000,
0x0000, 0x0000, 0x0000, 0x0000, 0x0000, 0x0000, 0x2000, 0x4100, 0x4100, 0x8100, 0x8200, 0xA300,
0xE500, 0xA801, 0x4D0A, 0x9A0C, 0xDF7E, 0xDF86, 0xFF7E, 0xDF86, 0xDF86, 0xFF7E, 0xDF86, 0xFF7E,
0xBA04, 0xAE02, 0xC901, 0x6601, 0x2501, 0x2601, 0xE400, 0x0301, 0x0301, 0xE400, 0x2601, 0x2501,
0x6601, 0xC901, 0xAE02, 0xBA04, 0x3F46, 0x3F46, 0x5F3E, 0x3F46, 0x3F46, 0x5F3E, 0x3F46, 0x3F46,
0x9A0C, 0x4D0A, 0xA801, 0xE500, 0xA300, 0x8200, 0x8100, 0x4100, 0x2000, 0x2000, 0x0000, 0x0000,
0x0000, 0x0000, 0x0000, 0x0000, 0x0000, 0x0000, 0x0000, 0x0000, 0x0000, 0x0000, 0x0000, 0x0000,
0x0000, 0x0000, 0x0000, 0x0000, 0x0000, 0x0000, 0x0000, 0x0000, 0x0000, 0x0000, 0x0000, 0x0000,
0x0000, 0x0000, 0x0000, 0x0000, 0x0000, 0x0000, 0x0000, 0x0000, 0x0000, 0x0000, 0x0000, 0x0000,
0x0000, 0x0000, 0x0000, 0x0000, 0x0000, 0x0000, 0x0000, 0x2000, 0x2100, 0x4100, 0x4200, 0x6200,
0xA300, 0x2601, 0xCA01, 0x3704, 0xDF86, 0xFFFF, 0xFFFF, 0xFFFF, 0xFFFF, 0xFFFF, 0xFFFF, 0xDF86,
0x980C, 0x510B, 0x100B, 0xCF02, 0xAD02, 0x8E02, 0x6D0A, 0x8E02, 0x6D0A, 0x4D0A, 0x4C02, 0x4C02,
0x2C02, 0x0B02, 0xEA01, 0xCA01, 0x6701, 0x0501, 0xA400, 0x8300, 0x6200, 0x6100, 0x6100, 0x4100,
0x4100, 0x2000, 0x2000, 0x2000, 0x2000, 0x2000, 0x2000, 0x2000, 0x0000, 0x0000, 0x0000, 0x0000,
0x0000, 0x0000, 0x0000, 0x0000, 0x0000, 0x0000, 0x0000, 0x0000, 0x0000, 0x0000, 0x2000, 0x4100,
0x4100, 0x8100, 0x8200, 0xA300, 0xE500, 0x8801, 0x4C0A, 0x9904, 0xDF86, 0xFFFF, 0xFFFF, 0xFFFF,
0xFFFF, 0xFFFF, 0xFFFF, 0xDF86, 0x990C, 0xAE0A, 0xE909, 0x6609, 0x2509, 0x0601, 0xE400, 0xE400,
0xE400, 0xE400, 0x0601, 0x2509, 0x6609, 0xE909, 0xAE0A, 0x990C, 0xDF7E, 0xFFFF, 0xFFFF, 0xFFFF,
0xFFFF, 0xFFFF, 0xFFFF, 0xDF7E, 0x9904, 0x4C0A, 0x8801, 0xE500, 0xA300, 0x8200, 0x8100, 0x4100,
0x2000, 0x2000, 0x0000, 0x0000, 0x0000, 0x0000, 0x0000, 0x0000, 0x0000, 0x0000, 0x0000, 0x0000,
0x0000, 0x0000, 0x0000, 0x0000, 0x0000, 0x0000, 0x0000, 0x0000, 0x0000, 0x0000, 0x0000, 0x0000,
0x0000, 0x0000, 0x0000, 0x0000, 0x0000, 0x0000, 0x0000, 0x0000, 0x0000, 0x0000, 0x0000, 0x0000,
0x0000, 0x0000, 0x0000, 0x0000, 0x0000, 0x0000, 0x0000, 0x0000, 0x0000, 0x0000, 0x0000, 0x2000,
0x2100, 0x6000, 0x6200, 0x8200, 0xA400, 0x4601, 0x0B02, 0x5804, 0xFF7E, 0xFFFF, 0xFFFF, 0xFFFF,
0xFFFF, 0xFFFF, 0xFFFF, 0xFF7E, 0x990C, 0xF00A, 0x4D02, 0x0B02, 0xC901, 0xCA01, 0xA909, 0xA901,
0xA801, 0xA801, 0xA801, 0xA701, 0x8701, 0x6701, 0x4601, 0x0501, 0xE500, 0xA300, 0x8300, 0x6200,
0x4100, 0x4100, 0x2100, 0x2100, 0x2000, 0x2000, 0x2000, 0x0000, 0x0000, 0x0000, 0x0000, 0x0000,
0x0000, 0x0000, 0x0000, 0x0000, 0x0000, 0x0000, 0x0000, 0x0000, 0x0000, 0x0000, 0x0000, 0x0000,
0x0000, 0x0000, 0x2000, 0x2000, 0x4100, 0x8100, 0x6200, 0xA300, 0xE500, 0x8801, 0x4C02, 0x9904,
0xFF7E, 0xFFFF, 0xFFFF, 0xFFFF, 0xFFFF, 0xFFFF, 0xFFFF, 0xFF7E, 0x9904, 0xAE02, 0xCA01, 0x6701,
0x2501, 0x2601, 0x0601, 0x2601, 0x2601, 0x0601, 0x2601, 0x2501, 0x6701, 0xCA01, 0xAE02, 0x9904,
0xDF7E, 0xFFFF, 0xFFFF, 0xDFFF, 0xDFFF, 0xFFFF, 0xFFFF, 0xDF7E, 0x9904, 0x4C02, 0x8801, 0xE500,
0xA300, 0x6200, 0x8100, 0x4100, 0x2000, 0x2000, 0x0000, 0x0000, 0x0000, 0x0000, 0x0000, 0x0000,
0x0000, 0x0000, 0x0000, 0x0000, 0x0000, 0x0000, 0x0000, 0x0000, 0x0000, 0x0000, 0x0000, 0x0000,
0x0000, 0x0000, 0x0000, 0x0000, 0x0000, 0x0000, 0x0000, 0x0000, 0x0000, 0x0000, 0x0000, 0x0000,
0x0000, 0x0000, 0x0000, 0x0000, 0x0000, 0x0000, 0x0000, 0x0000, 0x0000, 0x0000, 0x0000, 0x0000,
0x0000, 0x0000, 0x0000, 0x2000, 0x2100, 0x6000, 0x6200, 0x8200, 0xA400, 0x6701, 0x0B02, 0x7904,
0xDF86, 0xFFFF, 0xFFFF, 0xFFFF, 0xFFFF, 0xFFFF, 0xFFFF, 0xDF86, 0x9904, 0xAE02, 0x0A02, 0x8801,
0x6601, 0x4601, 0x2609, 0x4601, 0x0501, 0x0501, 0x0501, 0xE500, 0xE400, 0xC400, 0xA300, 0xA300,
0xA300, 0x8200, 0x6200, 0x6100, 0x4100, 0x2000, 0x2000, 0x0100, 0x0000, 0x0000, 0x0000, 0x0000,
0x0000, 0x0000, 0x0000, 0x0000, 0x0000, 0x0000, 0x0000, 0x0000, 0x0000, 0x0000, 0x0000, 0x0000,
0x0000, 0x0000, 0x0000, 0x0000, 0x0000, 0x0000, 0x2000, 0x2000, 0x4100, 0x6100, 0x6200, 0xA300,
0xE500, 0x8801, 0x4C02, 0x7904, 0xDF86, 0xFFFF, 0xFFFF, 0xFFFF, 0xFFFF, 0xFFFF, 0xFFFF, 0xDF86,
0xB90C, 0xAD02, 0xE901, 0x8609, 0x2509, 0x2501, 0x2509, 0x2501, 0x2501, 0x2509, 0x2501, 0x2509,
0x8609, 0xE901, 0xAD02, 0xB90C, 0xDF86, 0xFFFF, 0xFFFF, 0xFFFF, 0xFFFF, 0xFFFF, 0xFFFF, 0xDF86,
0x7904, 0x4C02, 0x8801, 0xE500, 0xA300, 0x6200, 0x6100, 0x4100, 0x2000, 0x2000, 0x0000, 0x0000,
0x0000, 0x0000, 0x0000, 0x0000, 0x0000, 0x0000, 0x0000, 0x0000, 0x0000, 0x0000, 0x0000, 0x0000,
0x0000, 0x0000, 0x0000, 0x0000, 0x0000, 0x0000, 0x0000, 0x0000, 0x0000, 0x0000, 0x0000, 0x0000,
0x0000, 0x0000, 0x0000, 0x0000, 0x0000, 0x0000, 0x0000, 0x0000, 0x0000, 0x0000, 0x0000, 0x0000,
0x0000, 0x0000, 0x0000, 0x0000, 0x0000, 0x0000, 0x0000, 0x2000, 0x2100, 0x6000, 0x6200, 0x8200,
0xA400, 0x6701, 0x0B02, 0x7904, 0xDF86, 0xFFFF, 0xFFFF, 0xFFFF, 0xFFFF, 0xFFFF, 0xFFFF, 0xDF86,
0x780C, 0x8D02, 0xA901, 0x4601, 0x0409, 0x0401, 0xE300, 0xE300, 0xC300, 0xC300, 0xA300, 0xA300,
0xA200, 0x8200, 0x8200, 0x6200, 0x6100, 0x4100, 0x4100, 0x4100, 0x4000, 0x2000, 0x2000, 0x0000,
0x0000, 0x0000, 0x0000, 0x0000, 0x0000, 0x0000, 0x0000, 0x0000, 0x0000, 0x0000, 0x0000, 0x0000,
0x0000, 0x0000, 0x0000, 0x0000, 0x0000, 0x0000, 0x0000, 0x0000, 0x0000, 0x0000, 0x2000, 0x2000,
0x2100, 0x6100, 0x6200, 0x8300, 0xE400, 0x8701, 0x2C02, 0x7904, 0xDF86, 0xFFFF, 0xFFFF, 0xFFFF,
0xFFFF, 0xFFFF, 0xFFFF, 0xDF86, 0xB904, 0xCF02, 0x2B02, 0xC801, 0x8609, 0x6701, 0x6609, 0x6601,
0x6601, 0x6609, 0x6701, 0x8609, 0xC801, 0x2B02, 0xCF02, 0xB904, 0xDF86, 0xFFFF, 0xFFFF, 0xFFFF,
0xFFFF, 0xFFFF, 0xFFFF, 0xDF86, 0x7904, 0x2C02, 0x8701, 0xE400, 0x8300, 0x6200, 0x6100, 0x2100,
0x2000, 0x2000, 0x0000, 0x0000, 0x0000, 0x0000, 0x0000, 0x0000, 0x0000, 0x0000, 0x0000, 0x0000,
0x0000, 0x0000, 0x0000, 0x0000, 0x0000, 0x0000, 0x0000, 0x0000, 0x0000, 0x0000, 0x0000, 0x0000,
0x0000, 0x0000, 0x0000, 0x0000, 0x0000, 0x0000, 0x0000, 0x0000, 0x0000, 0x0000, 0x0000, 0x0000,
0x0000, 0x0000, 0x0000, 0x0000, 0x0000, 0x0000, 0x0000, 0x0000, 0x0000, 0x0000, 0x0000, 0x2000,
0x2100, 0x6000, 0x6200, 0x8200, 0xA400, 0x4601, 0x0B02, 0x5804, 0xFF7E, 0xFFFF, 0xFFFF, 0xFFFF,
0xFFFF, 0xFFFF, 0xFFFF, 0xFF7E, 0x790C, 0x4D02, 0x8901, 0x2601, 0xE400, 0xE500, 0xC400, 0xE400,
0xA300, 0x8300, 0x8200, 0x8200, 0x6200, 0x4200, 0x4200, 0x4200, 0x6100, 0x4100, 0x2000, 0x2000,
0x2000, 0x2000, 0x2000, 0x0000, 0x0000, 0x0000, 0x0000, 0x0000, 0x0000, 0x0000, 0x0000, 0x0000,
0x0000, 0x0000, 0x0000, 0x0000, 0x0000, 0x0000, 0x0000, 0x0000, 0x0000, 0x0000, 0x0000, 0x0000,
0x0000, 0x0000, 0x2000, 0x2000, 0x2100, 0x6100, 0x4200, 0x8200, 0xC400, 0x6701, 0x0B02, 0x7804,
0xFF7E, 0xFFFF, 0xFFFF, 0xFFFF, 0xFFFF, 0xFFFF, 0xFFFF, 0xFF7E, 0x990C, 0x100B, 0x6E02, 0x2B02,
0xE901, 0xCA01, 0xE909, 0xC901, 0xC901, 0xE909, 0xCA01, 0xE901, 0x2B02, 0x6E02, 0x100B, 0x990C,
0xDF7E, 0xFFFF, 0xFFFF, 0xFFFF, 0xFFFF, 0xFFFF, 0xFFFF, 0xDF7E, 0x7804, 0x0B02, 0x6701, 0xC400,
0x8200, 0x4200, 0x6100, 0x2100, 0x2000, 0x2000, 0x0000, 0x0000, 0x0000, 0x0000, 0x0000, 0x0000,
0x0000, 0x0000, 0x0000, 0x0000, 0x0000, 0x0000, 0x0000, 0x0000, 0x0000, 0x0000, 0x0000, 0x0000,
0x0000, 0x0000, 0x0000, 0x0000, 0x0000, 0x0000, 0x0000, 0x0000, 0x0000, 0x0000, 0x0000, 0x0000,
0x0000, 0x0000, 0x0000, 0x0000, 0x0000, 0x0000, 0x0000, 0x0000, 0x0000, 0x0000, 0x0000, 0x0000,
0x0000, 0x0000, 0x0000, 0x2000, 0x2100, 0x4100, 0x4200, 0x6200, 0xA300, 0x2601, 0xCA01, 0x3704,
0xDF86, 0xFFFF, 0xFFFF, 0xFFFF, 0xFFFF, 0xFFFF, 0xFFFF, 0xDF86, 0x570C, 0x0B02, 0x4709, 0xE408,
0xA300, 0xA400, 0x8300, 0x8200, 0xA200, 0x8200, 0x8100, 0x6100, 0x6100, 0x6100, 0x6000, 0x6000,
0x4100, 0x4100, 0x2100, 0x0100, 0x2100, 0x2000, 0x0000, 0x0000, 0x0000, 0x0000, 0x0000, 0x0000,
0x0000, 0x0000, 0x0000, 0x0000, 0x0000, 0x0000, 0x0000, 0x0000, 0x0000, 0x0000, 0x0000, 0x0000,
0x0000, 0x0000, 0x0000, 0x0000, 0x0000, 0x0000, 0x2000, 0x2000, 0x2100, 0x6100, 0x4200, 0x8200,
0xA300, 0x4601, 0xEA01, 0x3804, 0xDF86, 0xFFFF, 0xFFFF, 0xFFFF, 0xFFFF, 0xFFFF, 0xFFFF, 0xDF86,
0x980C, 0x7113, 0x100B, 0xCF02, 0xAD02, 0xAE02, 0xAE0A, 0xAE02, 0xAE02, 0xAE0A, 0xAE02, 0xAD02,
0xCF02, 0x100B, 0x7113, 0x980C, 0xDF86, 0xFFFF, 0xFFFF, 0xFFFF, 0xFFFF, 0xFFFF, 0xFFFF, 0xDF86,
0x3804, 0xEA01, 0x4601, 0xA300, 0x8200, 0x4200, 0x6100, 0x2100, 0x2000, 0x2000, 0x0000, 0x0000,
0x0000, 0x0000, 0x0000, 0x0000, 0x0000, 0x0000, 0x0000, 0x0000, 0x0000, 0x0000, 0x0000, 0x0000,
0x0000, 0x0000, 0x0000, 0x0000, 0x0000, 0x0000, 0x0000, 0x0000, 0x0000, 0x0000, 0x0000, 0x0000,
0x0000, 0x0000, 0x0000, 0x0000, 0x0000, 0x0000, 0x0000, 0x0000, 0x0000, 0x0000, 0x0000, 0x0000,
0x0000, 0x0000, 0x0000, 0x0000, 0x0000, 0x0000, 0x0000, 0x2000, 0x2100, 0x4100, 0x4100, 0x6200,
0x8300, 0x0501, 0xA901, 0x1704, 0xDF86, 0xDF86, 0xFF7E, 0xDF86, 0xDF86, 0xFF7E, 0xDF86, 0xDF86,
0x1604, 0xEA01, 0x4601, 0xE400, 0xA300, 0xA400, 0x8300, 0x8200, 0x6200, 0x6200, 0x4100, 0x4100,
0x2100, 0x2100, 0x2100, 0x2100, 0x2100, 0x2100, 0x0100, 0x0000, 0x0000, 0x0000, 0x0000, 0x0000,
0x0000, 0x0000, 0x0000, 0x0000, 0x0000, 0x0000, 0x0000, 0x0000, 0x0000, 0x0000, 0x0000, 0x0000,
0x0000, 0x0000, 0x0000, 0x0000, 0x0000, 0x0000, 0x0000, 0x0000, 0x0000, 0x0000, 0x0000, 0x2000,
0x2100, 0x6000, 0x4100, 0x6200, 0xA300, 0x2501, 0xCA01, 0x1704, 0xFF7E, 0xDF86, 0xFF7E, 0xDF86,
0xDF86, 0xFF7E, 0xDF86, 0xDF76, 0x5D05, 0x980C, 0x990C, 0xB904, 0xB90C, 0x9904, 0x990C, 0xBA04,
0xBA04, 0x990C, 0x9904, 0xB90C, 0xB904, 0x990C, 0x980C, 0x5D05, 0xDF86, 0xDF86, 0xFF7E, 0xDF86,
0xDF86, 0xFF7E, 0xDF86, 0xDF86, 0x1704, 0xCA01, 0x2501, 0xA300, 0x6200, 0x4100, 0x6000, 0x2100,
0x2000, 0x2000, 0x0000, 0x0000, 0x0000, 0x0000, 0x0000, 0x0000, 0x0000, 0x0000, 0x0000, 0x0000,
0x0000, 0x0000, 0x0000, 0x0000, 0x0000, 0x0000, 0x0000, 0x0000, 0x0000, 0x0000, 0x0000, 0x0000,
0x0000, 0x0000, 0x0000, 0x0000, 0x0000, 0x0000, 0x0000, 0x0000, 0x0000, 0x0000, 0x0000, 0x0000,
0x0000, 0x0000, 0x0000, 0x0000, 0x0000, 0x0000, 0x0000, 0x0000, 0x0000, 0x0000, 0x0000, 0x0000,
0x2000, 0x4100, 0x6100, 0x6100, 0x8300, 0xC400, 0x6701, 0x0A0A, 0x1704, 0x3704, 0x5804, 0x7904,
0x7904, 0x5804, 0x3704, 0x1704, 0x0A0A, 0x8701, 0xE500, 0xA300, 0x8200, 0x6200, 0x8200, 0x6100,
0x4100, 0x4100, 0x4100, 0x2000, 0x2000, 0x2000, 0x2000, 0x2000, 0x0000, 0x0000, 0x0000, 0x0000,
0x0000, 0x0000, 0x0000, 0x0000, 0x0000, 0x0000, 0x0000, 0x0000, 0x0000, 0x0000, 0x0000, 0x0000,
0x0000, 0x0000, 0x0000, 0x0000, 0x0000, 0x0000, 0x0000, 0x0000, 0x0000, 0x0000, 0x0000, 0x0000,
0x0000, 0x0000, 0x0000, 0x0000, 0x2000, 0x4100, 0x4100, 0x6100, 0x8300, 0xC400, 0x6701, 0x0A0A,
0x1704, 0x7804, 0x9804, 0x780C, 0x790C, 0x9A0C, 0xB804, 0x5D05, 0xDF86, 0xDF86, 0xDF7E, 0xDF86,
0xDF86, 0xDF7E, 0xDF7E, 0x3F46, 0xFF7E, 0xDF86, 0xFF7E, 0xDF86, 0xDF86, 0xFF7E, 0xDF86, 0xDF76,
0x5D05, 0xB804, 0x9A0C, 0x790C, 0x780C, 0x9804, 0x7804, 0x1704, 0x0A0A, 0x6701, 0xC400, 0x8300,
0x6100, 0x4100, 0x4100, 0x2000, 0x0000, 0x0000, 0x0000, 0x0000, 0x0000, 0x0000, 0x0000, 0x0000,
0x0000, 0x0000, 0x0000, 0x0000, 0x0000, 0x0000, 0x0000, 0x0000, 0x0000, 0x0000, 0x0000, 0x0000,
0x0000, 0x0000, 0x0000, 0x0000, 0x0000, 0x0000, 0x0000, 0x0000, 0x0000, 0x0000, 0x0000, 0x0000,
0x0000, 0x0000, 0x0000, 0x0000, 0x0000, 0x0000, 0x0000, 0x0000, 0x0000, 0x0000, 0x0000, 0x0000,
0x0000, 0x0000, 0x0000, 0x0000, 0x2000, 0x4100, 0x4100, 0x4100, 0x6200, 0x8300, 0xE500, 0x6701,
0xA901, 0xCA01, 0x0B02, 0x0B02, 0x0B02, 0x0B02, 0xCA01, 0xA901, 0x6701, 0x0501, 0xA400, 0x8300,
0x6200, 0x4100, 0x6100, 0x4100, 0x4100, 0x2000, 0x2000, 0x2000, 0x2000, 0x2000, 0x2000, 0x2000,
0x0000, 0x0000, 0x0000, 0x0000, 0x0000, 0x0000, 0x0000, 0x0000, 0x0000, 0x0000, 0x0000, 0x0000,
0x0000, 0x0000, 0x0000, 0x0000, 0x0000, 0x0000, 0x0000, 0x0000, 0x0000, 0x0000, 0x0000, 0x0000,
0x0000, 0x0000, 0x0000, 0x0000, 0x0000, 0x0000, 0x0000, 0x0000, 0x2000, 0x4100, 0x4100, 0x6100,
0x8200, 0xA400, 0x0501, 0x8801, 0xCA01, 0x0B02, 0x4C02, 0x6D0A, 0x8E02, 0xF002, 0x710B, 0xB804,
0xDF86, 0xFFFF, 0xFFFF, 0xFFFF, 0xFFFF, 0xFFFF, 0xFFFF, 0x3F46, 0xDF86, 0xFFFF, 0xFFFF, 0xFFFF,
0xFFFF, 0xFFFF, 0xFFFF, 0xDF86, 0xB804, 0x710B, 0xF002, 0x8E02, 0x6D0A, 0x4C02, 0x0B02, 0xCA01,
0x8801, 0x0501, 0xA400, 0x8200, 0x6100, 0x4100, 0x4100, 0x2000, 0x0000, 0x0000, 0x0000, 0x0000,
0x0000, 0x0000, 0x0000, 0x0000, 0x0000, 0x0000, 0x0000, 0x0000, 0x0000, 0x0000, 0x0000, 0x0000,
0x0000, 0x0000, 0x0000, 0x0000, 0x0000, 0x0000, 0x0000, 0x0000, 0x0000, 0x0000, 0x0000, 0x0000,
0x0000, 0x0000, 0x0000, 0x0000, 0x0000, 0x0000, 0x0000, 0x0000, 0x0000, 0x0000, 0x0000, 0x0000,
0x0000, 0x0000, 0x0000, 0x0000, 0x0000, 0x0000, 0x0000, 0x0000, 0x0000, 0x2000, 0x2100, 0x4100,
0x6200, 0x6200, 0x8300, 0xC400, 0x0501, 0x2601, 0x4601, 0x6701, 0x6701, 0x4601, 0x2601, 0x0501,
0xE400, 0xA300, 0x8300, 0x8200, 0x4100, 0x4100, 0x4100, 0x2100, 0x2000, 0x2000, 0x2000, 0x0000,
0x0000, 0x0000, 0x0000, 0x0000, 0x0000, 0x0000, 0x0000, 0x0000, 0x0000, 0x0000, 0x0000, 0x0000,
0x0000, 0x0000, 0x0000, 0x0000, 0x0000, 0x0000, 0x0000, 0x0000, 0x0000, 0x0000, 0x0000, 0x0000,
0x0000, 0x0000, 0x0000, 0x0000, 0x0000, 0x0000, 0x0000, 0x0000, 0x0000, 0x0000, 0x0000, 0x0000,
0x0000, 0x2100, 0x4100, 0x4100, 0x6200, 0x8300, 0xA400, 0xE500, 0x0609, 0x2609, 0x6801, 0x8809,
0xCA01, 0x2D02, 0xF002, 0x9A0C, 0xFF7E, 0xFFFF, 0xFFFF, 0xFFFF, 0xFFFF, 0xFFFF, 0xFFFF, 0x5F3E,
0xFF7E, 0xFFFF, 0xFFFF, 0xFFFF, 0xFFFF, 0xFFFF, 0xFFFF, 0xFF7E, 0x9A0C, 0xF002, 0x2D02, 0xCA01,
0x8809, 0x6801, 0x2609, 0x0609, 0xE500, 0xA400, 0x8300, 0x6200, 0x4100, 0x4100, 0x2100, 0x0000,
0x0000, 0x0000, 0x0000, 0x0000, 0x0000, 0x0000, 0x0000, 0x0000, 0x0000, 0x0000, 0x0000, 0x0000,
0x0000, 0x0000, 0x0000, 0x0000, 0x0000, 0x0000, 0x0000, 0x0000, 0x0000, 0x0000, 0x0000, 0x0000,
0x0000, 0x0000, 0x0000, 0x0000, 0x0000, 0x0000, 0x0000, 0x0000, 0x0000, 0x0000, 0x0000, 0x0000,
0x0000, 0x0000, 0x0000, 0x0000, 0x0000, 0x0000, 0x0000, 0x0000, 0x0000, 0x0000, 0x0000, 0x0000,
0x0000, 0x2000, 0x2000, 0x2000, 0x4100, 0x6200, 0x6200, 0x8300, 0x8300, 0xA300, 0xA400, 0xA400,
0xA400, 0xA400, 0xA300, 0x8300, 0x8300, 0x8200, 0x6200, 0x6100, 0x2000, 0x2000, 0x2000, 0x2100,
0x0000, 0x0000, 0x0000, 0x0000, 0x0000, 0x0000, 0x0000, 0x0000, 0x0000, 0x0000, 0x0000, 0x0000,
0x0000, 0x0000, 0x0000, 0x0000, 0x0000, 0x0000, 0x0000, 0x0000, 0x0000, 0x0000, 0x0000, 0x0000,
0x0000, 0x0000, 0x0000, 0x0000, 0x0000, 0x0000, 0x0000, 0x0000, 0x0000, 0x0000, 0x0000, 0x0000,
0x0000, 0x0000, 0x0000, 0x0000, 0x0000, 0x2100, 0x4000, 0x4100, 0x4100, 0x6200, 0x8300, 0xA300,
0xE400, 0xE400, 0x2501, 0x4509, 0x6809, 0xCA01, 0x8E02, 0x790C, 0xDF86, 0xFFFF, 0xFFFF, 0xFFFF,
0xFFFF, 0xDFFF, 0xFFFF, 0x3F46, 0xDF86, 0xFFFF, 0xFFFF, 0xFFFF, 0xFFFF, 0xFFFF, 0xFFFF, 0xDF86,
0x790C, 0x8E02, 0xCA01, 0x6809, 0x4509, 0x2501, 0xE400, 0xE400, 0xA300, 0x8300, 0x6200, 0x4100,
0x4100, 0x4000, 0x2100, 0x0000, 0x0000, 0x0000, 0x0000, 0x0000, 0x0000, 0x0000, 0x0000, 0x0000,
0x0000, 0x0000, 0x0000, 0x0000, 0x0000, 0x0000, 0x0000, 0x0000, 0x0000, 0x0000, 0x0000, 0x0000,
0x0000, 0x0000, 0x0000, 0x0000, 0x0000, 0x0000, 0x0000, 0x0000, 0x0000, 0x0000, 0x0000, 0x0000,
0x0000, 0x0000, 0x0000, 0x0000, 0x0000, 0x0000, 0x0000, 0x0000, 0x0000, 0x0000, 0x0000, 0x0000,
0x0000, 0x0000, 0x0000, 0x0000, 0x0000, 0x2000, 0x2000, 0x2000, 0x2000, 0x4100, 0x4100, 0x6100,
0x6200, 0x6200, 0x8200, 0x8200, 0x8200, 0x8200, 0x6200, 0x6200, 0x6100, 0x4100, 0x4100, 0x4000,
0x2000, 0x2000, 0x2000, 0x0000, 0x0000, 0x0000, 0x0000, 0x0000, 0x0000, 0x0000, 0x0000, 0x0000,
0x0000, 0x0000, 0x0000, 0x0000, 0x0000, 0x0000, 0x0000, 0x0000, 0x0000, 0x0000, 0x0000, 0x0000,
0x0000, 0x0000, 0x0000, 0x0000, 0x0000, 0x0000, 0x0000, 0x0000, 0x0000, 0x0000, 0x0000, 0x0000,
0x0000, 0x0000, 0x0000, 0x0000, 0x0000, 0x0000, 0x0000, 0x0000, 0x0000, 0x0000, 0x2000, 0x2000,
0x2100, 0x4100, 0x6200, 0x8200, 0xA200, 0xC200, 0xE300, 0xE300, 0x4509, 0x8809, 0x6D0A, 0x780C,
0xDF86, 0xFFFF, 0xFFFF, 0xFFFF, 0xFFFF, 0xDFFF, 0xFFFF, 0x3F46, 0xDF86, 0xFFFF, 0xFFFF, 0xFFFF,
0xFFFF, 0xFFFF, 0xFFFF, 0xDF86, 0x780C, 0x6D0A, 0x8809, 0x4509, 0xE300, 0xE300, 0xC200, 0xA200,
0x8200, 0x6200, 0x4100, 0x2100, 0x2000, 0x2000, 0x0000, 0x0000, 0x0000, 0x0000, 0x0000, 0x0000,
0x0000, 0x0000, 0x0000, 0x0000, 0x0000, 0x0000, 0x0000, 0x0000, 0x0000, 0x0000, 0x0000, 0x0000,
0x0000, 0x0000, 0x0000, 0x0000, 0x0000, 0x0000, 0x0000, 0x0000, 0x0000, 0x0000, 0x0000, 0x0000,
0x0000, 0x0000, 0x0000, 0x0000, 0x0000, 0x0000, 0x0000, 0x0000, 0x0000, 0x0000, 0x0000, 0x0000,
0x0000, 0x0000, 0x0000, 0x0000, 0x0000, 0x0000, 0x0000, 0x0000, 0x0000, 0x2000, 0x2000, 0x2000,
0x2000, 0x2100, 0x4100, 0x6100, 0x4100, 0x4200, 0x6200, 0x6200, 0x6200, 0x6200, 0x4200, 0x4100,
0x4100, 0x4100, 0x4000, 0x2000, 0x2000, 0x2000, 0x2000, 0x0000, 0x0000, 0x0000, 0x0000, 0x0000,
0x0000, 0x0000, 0x0000, 0x0000, 0x0000, 0x0000, 0x0000, 0x0000, 0x0000, 0x0000, 0x0000, 0x0000,
0x0000, 0x0000, 0x0000, 0x0000, 0x0000, 0x0000, 0x0000, 0x0000, 0x0000, 0x0000, 0x0000, 0x0000,
0x0000, 0x0000, 0x0000, 0x0000, 0x0000, 0x0000, 0x0000, 0x0000, 0x0000, 0x0000, 0x0000, 0x0000,
0x0000, 0x0000, 0x2000, 0x2000, 0x2100, 0x2100, 0x4100, 0x6100, 0x8300, 0xA300, 0xC400, 0xE300,
0x2501, 0x6801, 0x4C02, 0x9804, 0xFF7E, 0xFFFF, 0xFFFF, 0xFFFF, 0xFFFF, 0xFFFF, 0xFFFF, 0x5F3E,
0xFF7E, 0xFFFF, 0xFFFF, 0xFFFF, 0xFFFF, 0xFFFF, 0xFFFF, 0xFF7E, 0x9804, 0x4C02, 0x6801, 0x2501,
0xE300, 0xC400, 0xA300, 0x8300, 0x6100, 0x4100, 0x2100, 0x2100, 0x2000, 0x2000, 0x0000, 0x0000,
0x0000, 0x0000, 0x0000, 0x0000, 0x0000, 0x0000, 0x0000, 0x0000, 0x0000, 0x0000, 0x0000, 0x0000,
0x0000, 0x0000, 0x0000, 0x0000, 0x0000, 0x0000, 0x0000, 0x0000, 0x0000, 0x0000, 0x0000, 0x0000,
0x0000, 0x0000, 0x0000, 0x0000, 0x0000, 0x0000, 0x0000, 0x0000, 0x0000, 0x0000, 0x0000, 0x0000,
0x0000, 0x0000, 0x0000, 0x0000, 0x0000, 0x0000, 0x0000, 0x0000, 0x0000, 0x0000, 0x0000, 0x0000,
0x0000, 0x0000, 0x2000, 0x2000, 0x2000, 0x2000, 0x4100, 0x4100, 0x4100, 0x4100, 0x6000, 0x6000,
0x6000, 0x6000, 0x4100, 0x4100, 0x4100, 0x4100, 0x2100, 0x2100, 0x2100, 0x0000, 0x0000, 0x0000,
0x0000, 0x0000, 0x0000, 0x0000, 0x0000, 0x0000, 0x0000, 0x0000, 0x0000, 0x0000, 0x0000, 0x0000,
0x0000, 0x0000, 0x0000, 0x0000, 0x0000, 0x0000, 0x0000, 0x0000, 0x0000, 0x0000, 0x0000, 0x0000,
0x0000, 0x0000, 0x0000, 0x0000, 0x0000, 0x0000, 0x0000, 0x0000, 0x0000, 0x0000, 0x0000, 0x0000,
0x0000, 0x0000, 0x0000, 0x0000, 0x0000, 0x0000, 0x2000, 0x2100, 0x2100, 0x2100, 0x4100, 0x6100,
0x6200, 0x6208, 0xA300, 0xC200, 0xE400, 0x2609, 0x0B02, 0x7804, 0xDF86, 0xFFFF, 0xFFFF, 0xFFFF,
0xFFFF, 0xFFFF, 0xFFFF, 0x3F46, 0xDF86, 0xFFFF, 0xFFFF, 0xFFFF, 0xFFFF, 0xFFFF, 0xFFFF, 0xDF86,
0x7804, 0x0B02, 0x2609, 0xE400, 0xC200, 0xA300, 0x6208, 0x6200, 0x6100, 0x4100, 0x2100, 0x2100,
0x2100, 0x2000, 0x0000, 0x0000, 0x0000, 0x0000, 0x0000, 0x0000, 0x0000, 0x0000, 0x0000, 0x0000,
0x0000, 0x0000, 0x0000, 0x0000, 0x0000, 0x0000, 0x0000, 0x0000, 0x0000, 0x0000, 0x0000, 0x0000,
0x0000, 0x0000, 0x0000, 0x0000, 0x0000, 0x0000, 0x0000, 0x0000, 0x0000, 0x0000, 0x0000, 0x0000,
0x0000, 0x0000, 0x0000, 0x0000, 0x0000, 0x0000, 0x0000, 0x0000, 0x0000, 0x0000, 0x0000, 0x0000,
0x0000, 0x0000, 0x0000, 0x0000, 0x0000, 0x0000, 0x0000, 0x0000, 0x0000, 0x0000, 0x2000, 0x2000,
0x2100, 0x2100, 0x2100, 0x2100, 0x2100, 0x2100, 0x2100, 0x2100, 0x4100, 0x2100, 0x0100, 0x0000,
0x0000, 0x0000, 0x0000, 0x2000, 0x0000, 0x0000, 0x0000, 0x0000, 0x0000, 0x0000, 0x0000, 0x0000,
0x0000, 0x0000, 0x0000, 0x0000, 0x0000, 0x0000, 0x0000, 0x0000, 0x0000, 0x0000, 0x0000, 0x0000,
0x0000, 0x0000, 0x0000, 0x0000, 0x0000, 0x0000, 0x0000, 0x0000, 0x0000, 0x0000, 0x0000, 0x0000,
0x0000, 0x0000, 0x0000, 0x0000, 0x0000, 0x0000, 0x0000, 0x0000, 0x2000, 0x0000, 0x0000, 0x0000,
0x0000, 0x2100, 0x4100, 0x4100, 0x6100, 0x6200, 0x8300, 0xA200, 0xE400, 0x0609, 0xCA01, 0x1704,
0xDF86, 0xDF86, 0xDF7E, 0xDF86, 0xDF86, 0xDF7E, 0xDF7E, 0x3F46, 0xDF7E, 0xDF86, 0xFF7E, 0xDF86,
0xDF86, 0xFF7E, 0xDF86, 0xFF7E, 0x1704, 0xCA01, 0x0609, 0xE400, 0xA200, 0x8300, 0x6200, 0x6100,
0x4100, 0x4100, 0x2100, 0x0000, 0x0000, 0x0000, 0x0000, 0x2000, 0x0000, 0x0000, 0x0000, 0x0000,
0x0000, 0x0000, 0x0000, 0x0000, 0x0000, 0x0000, 0x0000, 0x0000, 0x0000, 0x0000, 0x0000, 0x0000,
0x0000, 0x0000, 0x0000, 0x0000, 0x0000, 0x0000, 0x0000, 0x0000, 0x0000, 0x0000, 0x0000, 0x0000,
0x0000, 0x0000, 0x0000, 0x0000, 0x0000, 0x0000, 0x0000, 0x0000, 0x0000, 0x0000, 0x0000, 0x0000,
0x0000, 0x0000, 0x0000, 0x0000, 0x0000, 0x0000, 0x0000, 0x0000, 0x0000, 0x0000, 0x0000, 0x0000,
0x0000, 0x0000, 0x0000, 0x0000, 0x2000, 0x2000, 0x2000, 0x2000, 0x2000, 0x2000, 0x2000, 0x2000,
0x0000, 0x0000, 0x0000, 0x0000, 0x0000, 0x0000, 0x0000, 0x0000, 0x0000, 0x0000, 0x0000, 0x0000,
0x0000, 0x0000, 0x0000, 0x0000, 0x0000, 0x0000, 0x0000, 0x0000, 0x0000, 0x0000, 0x0000, 0x0000,
0x0000, 0x0000, 0x0000, 0x0000, 0x0000, 0x0000, 0x0000, 0x0000, 0x0000, 0x0000, 0x0000, 0x0000,
0x0000, 0x0000, 0x0000, 0x0000, 0x0000, 0x0000, 0x0000, 0x0000, 0x0000, 0x0000, 0x0000, 0x0000,
0x0000, 0x0000, 0x0000, 0x0000, 0x0000, 0x2000, 0x2000, 0x2000, 0x4100, 0x6100, 0x6100, 0x8200,
0xA300, 0xE500, 0x8801, 0x0A0A, 0x1704, 0x3804, 0x7804, 0x7904, 0x9904, 0x7904, 0x9904, 0x9A0C,
0x9A0C, 0x9904, 0x7904, 0x9904, 0x7904, 0x7804, 0x3804, 0x1704, 0x0A0A, 0x8801, 0xE500, 0xA300,
0x8200, 0x6100, 0x6100, 0x4100, 0x2000, 0x2000, 0x2000, 0x0000, 0x0000, 0x0000, 0x0000, 0x0000,
0x0000, 0x0000, 0x0000, 0x0000, 0x0000, 0x0000, 0x0000, 0x0000, 0x0000, 0x0000, 0x0000, 0x0000,
0x0000, 0x0000, 0x0000, 0x0000, 0x0000, 0x0000, 0x0000, 0x0000, 0x0000, 0x0000, 0x0000, 0x0000,
0x0000, 0x0000, 0x0000, 0x0000, 0x0000, 0x0000, 0x0000, 0x0000, 0x0000, 0x0000, 0x0000, 0x0000,
0x0000, 0x0000, 0x0000, 0x0000, 0x0000, 0x0000, 0x0000, 0x0000, 0x0000, 0x0000, 0x0000, 0x0000,
0x0000, 0x0000, 0x0000, 0x0000, 0x0000, 0x0000, 0x0000, 0x0000, 0x0000, 0x0000, 0x0000, 0x0000,
0x0000, 0x0000, 0x0000, 0x0000, 0x0000, 0x0000, 0x0000, 0x0000, 0x0000, 0x0000, 0x0000, 0x0000,
0x0000, 0x0000, 0x0000, 0x0000, 0x0000, 0x0000, 0x0000, 0x0000, 0x0000, 0x0000, 0x0000, 0x0000,
0x0000, 0x0000, 0x0000, 0x0000, 0x0000, 0x0000, 0x0000, 0x0000, 0x0000, 0x0000, 0x0000, 0x0000,
0x0000, 0x0000, 0x0000, 0x0000, 0x0000, 0x0000, 0x0000, 0x0000, 0x0000, 0x0000, 0x0000, 0x0000,
0x0000, 0x0000, 0x0000, 0x0000, 0x0000, 0x0000, 0x0000, 0x0000, 0x0000, 0x0000, 0x2000, 0x2000,
0x4100, 0x4100, 0x4100, 0x6200, 0x8300, 0xA400, 0x0501, 0x6701, 0xAA01, 0xEA01, 0x0B02, 0x2C02,
0x4C02, 0x4C02, 0x4C0A, 0x4C0A, 0x4C0A, 0x4C0A, 0x4C02, 0x4C02, 0x2C02, 0x0B02, 0xEA01, 0xAA01,
0x6701, 0x0501, 0xA400, 0x8300, 0x6200, 0x4100, 0x4100, 0x4100, 0x2000, 0x2000, 0x0000, 0x0000,
0x0000, 0x0000, 0x0000, 0x0000, 0x0000, 0x0000, 0x0000, 0x0000, 0x0000, 0x0000, 0x0000, 0x0000,
0x0000, 0x0000, 0x0000, 0x0000, 0x0000, 0x0000, 0x0000, 0x0000, 0x0000, 0x0000, 0x0000, 0x0000,
0x0000, 0x0000, 0x0000, 0x0000, 0x0000, 0x0000, 0x0000, 0x0000, 0x0000, 0x0000, 0x0000, 0x0000,
0x0000, 0x0000, 0x0000, 0x0000, 0x0000, 0x0000, 0x0000, 0x0000, 0x0000, 0x0000, 0x0000, 0x0000,
0x0000, 0x0000, 0x0000, 0x0000, 0x0000, 0x0000, 0x0000, 0x0000, 0x0000, 0x0000, 0x0000, 0x0000,
0x0000, 0x0000, 0x0000, 0x0000, 0x0000, 0x0000, 0x0000, 0x0000, 0x0000, 0x0000, 0x0000, 0x0000,
0x0000, 0x0000, 0x0000, 0x0000, 0x0000, 0x0000, 0x0000, 0x0000, 0x0000, 0x0000, 0x0000, 0x0000,
0x0000, 0x0000, 0x0000, 0x0000, 0x0000, 0x0000, 0x0000, 0x0000, 0x0000, 0x0000, 0x0000, 0x0000,
0x0000, 0x0000, 0x0000, 0x0000, 0x0000, 0x0000, 0x0000, 0x0000, 0x0000, 0x0000, 0x0000, 0x0000,
0x0000, 0x0000, 0x0000, 0x0000, 0x0000, 0x0000, 0x0000, 0x0000, 0x0000, 0x0000, 0x0000, 0x0000,
0x0000, 0x0000, 0x0000, 0x2000, 0x2100, 0x2100, 0x2100, 0x4100, 0x6200, 0x8300, 0xA400, 0xC400,
0x2501, 0x4601, 0x6701, 0x8701, 0x8801, 0x8801, 0xA801, 0xA801, 0xA801, 0xA801, 0x8801, 0x8801,
0x8701, 0x6701, 0x4601, 0x2501, 0xC400, 0xA400, 0x8300, 0x6200, 0x4100, 0x2100, 0x2100, 0x2100,
0x2000, 0x0000, 0x0000, 0x0000, 0x0000, 0x0000, 0x0000, 0x0000, 0x0000, 0x0000, 0x0000, 0x0000,
0x0000, 0x0000, 0x0000, 0x0000, 0x0000, 0x0000, 0x0000, 0x0000, 0x0000, 0x0000, 0x0000, 0x0000,
0x0000, 0x0000, 0x0000, 0x0000, 0x0000, 0x0000, 0x0000, 0x0000, 0x0000, 0x0000, 0x0000, 0x0000,
0x0000, 0x0000, 0x0000, 0x0000, 0x0000, 0x0000, 0x0000, 0x0000, 0x0000, 0x0000, 0x0000, 0x0000,
0x0000, 0x0000, 0x0000, 0x0000, 0x0000, 0x0000, 0x0000, 0x0000, 0x0000, 0x0000, 0x0000, 0x0000,
0x0000, 0x0000, 0x0000, 0x0000, 0x0000, 0x0000, 0x0000, 0x0000, 0x0000, 0x0000, 0x0000, 0x0000,
0x0000, 0x0000, 0x0000, 0x0000, 0x0000, 0x0000, 0x0000, 0x0000, 0x0000, 0x0000, 0x0000, 0x0000,
0x0000, 0x0000, 0x0000, 0x0000, 0x0000, 0x0000, 0x0000, 0x0000, 0x0000, 0x0000, 0x0000, 0x0000,
0x0000, 0x0000, 0x0000, 0x0000, 0x0000, 0x0000, 0x0000, 0x0000, 0x0000, 0x0000, 0x0000, 0x0000,
0x0000, 0x0000, 0x0000, 0x0000, 0x0000, 0x0000, 0x0000, 0x0000, 0x0000, 0x0000, 0x0000, 0x0000,
0x0000, 0x0000, 0x0000, 0x0000, 0x0000, 0x0000, 0x0000, 0x0000, 0x0000, 0x2100, 0x2100, 0x2100,
0x4100, 0x6200, 0x8200, 0x8300, 0xA300, 0xA400, 0xC400, 0xE500, 0xE500, 0xE500, 0xE500, 0xE500,
0xE500, 0xE500, 0xE500, 0xE500, 0xE500, 0xC400, 0xA400, 0xA300, 0x8300, 0x8200, 0x6200, 0x4100,
0x2100, 0x2100, 0x2100, 0x0000, 0x0000, 0x0000, 0x0000, 0x0000, 0x0000, 0x0000, 0x0000, 0x0000,
0x0000, 0x0000, 0x0000, 0x0000, 0x0000, 0x0000, 0x0000, 0x0000, 0x0000, 0x0000, 0x0000, 0x0000,
0x0000, 0x0000, 0x0000, 0x0000, 0x0000, 0x0000, 0x0000, 0x0000, 0x0000, 0x0000, 0x0000, 0x0000,
0x0000, 0x0000, 0x0000, 0x0000, 0x0000, 0x0000, 0x0000, 0x0000, 0x0000, 0x0000, 0x0000, 0x0000,
0x0000, 0x0000, 0x0000, 0x0000, 0x0000, 0x0000, 0x0000, 0x0000, 0x0000, 0x0000, 0x0000, 0x0000,
0x0000, 0x0000, 0x0000, 0x0000, 0x0000, 0x0000, 0x0000, 0x0000, 0x0000, 0x0000, 0x0000, 0x0000,
0x0000, 0x0000, 0x0000, 0x0000, 0x0000, 0x0000, 0x0000, 0x0000, 0x0000, 0x0000, 0x0000, 0x0000,
0x0000, 0x0000, 0x0000, 0x0000, 0x0000, 0x0000, 0x0000, 0x0000, 0x0000, 0x0000, 0x0000, 0x0000,
0x0000, 0x0000, 0x0000, 0x0000, 0x0000, 0x0000, 0x0000, 0x0000, 0x0000, 0x0000, 0x0000, 0x0000,
0x0000, 0x0000, 0x0000, 0x0000, 0x0000, 0x0000, 0x0000, 0x0000, 0x0000, 0x0000, 0x0000, 0x0000,
0x0000, 0x0000, 0x0000, 0x0000, 0x0000, 0x0000, 0x0000, 0x0000, 0x0000, 0x0000, 0x0000, 0x0000,
0x0000, 0x2100, 0x2000, 0x2000, 0x4100, 0x4100, 0x6100, 0x6100, 0x8200, 0x8200, 0x8200, 0x8300,
0xA300, 0xA300, 0xA300, 0xA300, 0xA300, 0xA300, 0xA300, 0xA300, 0x8300, 0x8200, 0x8200, 0x8200,
0x6100, 0x6100, 0x4100, 0x4100, 0x2000, 0x2000, 0x2100, 0x0000, 0x0000, 0x0000, 0x0000, 0x0000,
0x0000, 0x0000, 0x0000, 0x0000, 0x0000, 0x0000, 0x0000, 0x0000, 0x0000, 0x0000, 0x0000, 0x0000,
0x0000, 0x0000, 0x0000, 0x0000, 0x0000, 0x0000, 0x0000, 0x0000, 0x0000, 0x0000, 0x0000, 0x0000,
0x0000, 0x0000, 0x0000, 0x0000, 0x0000, 0x0000, 0x0000, 0x0000, 0x0000, 0x0000, 0x0000, 0x0000,
0x0000, 0x0000, 0x0000, 0x0000, 0x0000, 0x0000, 0x0000, 0x0000, 0x0000, 0x0000, 0x0000, 0x0000,
0x0000, 0x0000, 0x0000, 0x0000, 0x0000, 0x0000, 0x0000, 0x0000, 0x0000, 0x0000, 0x0000, 0x0000,
0x0000, 0x0000, 0x0000, 0x0000, 0x0000, 0x0000, 0x0000, 0x0000, 0x0000, 0x0000, 0x0000, 0x0000,
0x0000, 0x0000, 0x0000, 0x0000, 0x0000, 0x0000, 0x0000, 0x0000, 0x0000, 0x0000, 0x0000, 0x0000,
0x0000, 0x0000, 0x0000, 0x0000, 0x0000, 0x0000, 0x0000, 0x0000, 0x0000, 0x0000, 0x0000, 0x0000,
0x0000, 0x0000, 0x0000, 0x0000, 0x0000, 0x0000, 0x0000, 0x0000, 0x0000, 0x0000, 0x0000, 0x0000,
0x0000, 0x0000, 0x0000, 0x0000, 0x0000, 0x0000, 0x0000, 0x0000, 0x0000, 0x0000, 0x0000, 0x0000,
0x0000, 0x0000, 0x0000, 0x0000, 0x0000, 0x2000, 0x2000, 0x2000, 0x4000, 0x4100, 0x4100, 0x4100,
0x4100, 0x4200, 0x4200, 0x6200, 0x6200, 0x8200, 0x8200, 0x8200, 0x8200, 0x8200, 0x8200, 0x6200,
0x6200, 0x4200, 0x4200, 0x4100, 0x4100, 0x4100, 0x4100, 0x4000, 0x2000, 0x2000, 0x2000, 0x0000,
0x0000, 0x0000, 0x0000, 0x0000, 0x0000, 0x0000, 0x0000, 0x0000, 0x0000, 0x0000, 0x0000, 0x0000,
0x0000, 0x0000, 0x0000, 0x0000, 0x0000, 0x0000, 0x0000, 0x0000, 0x0000, 0x0000, 0x0000, 0x0000,
0x0000, 0x0000, 0x0000, 0x0000, 0x0000, 0x0000, 0x0000, 0x0000, 0x0000, 0x0000, 0x0000, 0x0000,
0x0000, 0x0000, 0x0000, 0x0000, 0x0000, 0x0000, 0x0000, 0x0000, 0x0000, 0x0000, 0x0000, 0x0000,
0x0000, 0x0000, 0x0000, 0x0000, 0x0000, 0x0000, 0x0000, 0x0000, 0x0000, 0x0000, 0x0000, 0x0000,
0x0000, 0x0000, 0x0000, 0x0000, 0x0000, 0x0000, 0x0000, 0x0000, 0x0000, 0x0000, 0x0000, 0x0000,
0x0000, 0x0000, 0x0000, 0x0000, 0x0000, 0x0000, 0x0000, 0x0000, 0x0000, 0x0000, 0x0000, 0x0000,
0x0000, 0x0000, 0x0000, 0x0000, 0x0000, 0x0000, 0x0000, 0x0000, 0x0000, 0x0000, 0x0000, 0x0000,
0x0000, 0x0000, 0x0000, 0x0000, 0x0000, 0x0000, 0x0000, 0x0000, 0x0000, 0x0000, 0x0000, 0x0000,
0x0000, 0x0000, 0x0000, 0x0000, 0x0000, 0x0000, 0x0000, 0x0000, 0x0000, 0x0000, 0x0000, 0x0000,
0x0000, 0x0000, 0x0000, 0x0000, 0x0000, 0x0000, 0x0000, 0x0000, 0x0000, 0x0000, 0x0000, 0x0000,
0x2100, 0x2100, 0x4100, 0x4100, 0x4000, 0x6100, 0x6100, 0x6100, 0x6100, 0x6100, 0x8100, 0x8100,
0x8100, 0x8100, 0x6100, 0x6100, 0x6100, 0x6100, 0x6100, 0x4000, 0x4100, 0x4100, 0x2100, 0x2100,
0x0000, 0x0000, 0x0000, 0x0000, 0x0000, 0x0000, 0x0000, 0x0000, 0x0000, 0x0000, 0x0000, 0x0000,
0x0000, 0x0000, 0x0000, 0x0000, 0x0000, 0x0000, 0x0000, 0x0000, 0x0000, 0x0000, 0x0000, 0x0000,
0x0000, 0x0000, 0x0000, 0x0000, 0x0000, 0x0000, 0x0000, 0x0000, 0x0000, 0x0000, 0x0000, 0x0000,
0x0000, 0x0000, 0x0000, 0x0000, 0x0000, 0x0000, 0x0000, 0x0000, 0x0000, 0x0000, 0x0000, 0x0000,
0x0000, 0x0000, 0x0000, 0x0000, 0x0000, 0x0000, 0x0000, 0x0000, 0x0000, 0x0000, 0x0000, 0x0000,
0x0000, 0x0000, 0x0000, 0x0000, 0x0000, 0x0000, 0x0000, 0x0000, 0x0000, 0x0000, 0x0000, 0x0000,
0x0000, 0x0000, 0x0000, 0x0000, 0x0000, 0x0000, 0x0000, 0x0000, 0x0000, 0x0000, 0x0000, 0x0000,
0x0000, 0x0000, 0x0000, 0x0000, 0x0000, 0x0000, 0x0000, 0x0000, 0x0000, 0x0000, 0x0000, 0x0000,
0x0000, 0x0000, 0x0000, 0x0000, 0x0000, 0x0000, 0x0000, 0x0000, 0x0000, 0x0000, 0x0000, 0x0000,
0x0000, 0x0000, 0x0000, 0x0000, 0x0000, 0x0000, 0x0000, 0x0000, 0x0000, 0x0000, 0x0000, 0x0000,
0x0000, 0x0000, 0x0000, 0x0000, 0x0000, 0x0000, 0x0000, 0x0000, 0x0000, 0x0000, 0x0000, 0x0000,
0x2000, 0x0000, 0x0000, 0x0000, 0x0000, 0x0000, 0x2000, 0x2000, 0x2100, 0x2100, 0x2100, 0x2100,
0x4100, 0x4100, 0x4100, 0x4100, 0x4100, 0x4100, 0x4100, 0x4100, 0x2100, 0x2100, 0x2100, 0x2100,
0x2000, 0x2000, 0x0000, 0x0000, 0x0000, 0x0000, 0x0000, 0x2000, 0x0000, 0x0000, 0x0000, 0x0000,
0x0000, 0x0000, 0x0000, 0x0000, 0x0000, 0x0000, 0x0000, 0x0000, 0x0000, 0x0000, 0x0000, 0x0000,
0x0000, 0x0000, 0x0000, 0x0000, 0x0000, 0x0000, 0x0000, 0x0000, 0x0000, 0x0000, 0x0000, 0x0000,
0x0000, 0x0000, 0x0000, 0x0000, 0x0000, 0x0000, 0x0000, 0x0000, 0x0000, 0x0000, 0x0000, 0x0000,
0x0000, 0x0000, 0x0000, 0x0000, 0x0000, 0x0000, 0x0000, 0x0000, 0x0000, 0x0000, 0x0000, 0x0000,
0x0000, 0x0000, 0x0000, 0x0000, 0x0000, 0x0000, 0x0000, 0x0000, 0x0000, 0x0000, 0x0000, 0x0000,
0x0000, 0x0000, 0x0000, 0x0000, 0x0000, 0x0000, 0x0000, 0x0000, 0x0000, 0x0000, 0x0000, 0x0000,
0x0000, 0x0000, 0x0000, 0x0000, 0x0000, 0x0000, 0x0000, 0x0000, 0x0000, 0x0000, 0x0000, 0x0000,
0x0000, 0x0000, 0x0000, 0x0000, 0x0000, 0x0000, 0x0000, 0x0000, 0x0000, 0x0000, 0x0000, 0x0000,
0x0000, 0x0000, 0x0000, 0x0000, 0x0000, 0x0000, 0x0000, 0x0000, 0x0000, 0x0000, 0x0000, 0x0000,
0x0000, 0x0000, 0x0000, 0x0000, 0x0000, 0x0000, 0x0000, 0x0000, 0x0000, 0x0000, 0x0000, 0x0000,
0x0000, 0x0000, 0x0000, 0x0000, 0x0000, 0x0000, 0x0000, 0x0000, 0x0000, 0x0000, 0x0000, 0x0000,
0x2000, 0x2000, 0x2000, 0x2000, 0x2000, 0x2000, 0x2000, 0x2000, 0x2000, 0x2000, 0x2000, 0x2000,
0x2000, 0x2000, 0x2000, 0x2000, 0x0000, 0x0000, 0x0000, 0x0000, 0x0000, 0x0000, 0x0000, 0x0000,
0x0000, 0x0000, 0x0000, 0x0000, 0x0000, 0x0000, 0x0000, 0x0000, 0x0000, 0x0000, 0x0000, 0x0000,
0x0000, 0x0000, 0x0000, 0x0000, 0x0000, 0x0000, 0x0000, 0x0000, 0x0000, 0x0000, 0x0000, 0x0000,
0x0000, 0x0000, 0x0000, 0x0000, 0x0000, 0x0000, 0x0000, 0x0000, 0x0000, 0x0000, 0x0000, 0x0000,
0x0000, 0x0000, 0x0000, 0x0000, 0x0000, 0x0000, 0x0000, 0x0000, 0x0000, 0x0000, 0x0000, 0x0000,
0x0000, 0x0000, 0x0000, 0x0000, 0x0000, 0x0000, 0x0000, 0x0000, 0x0000, 0x0000, 0x0000, 0x0000,
0x0000, 0x0000, 0x0000, 0x0000, 0x0000, 0x0000, 0x0000, 0x0000, 0x0000, 0x0000, 0x0000, 0x0000,
0x0000, 0x0000, 0x0000, 0x0000, 0x0000, 0x0000, 0x0000, 0x0000, 0x0000, 0x0000, 0x0000, 0x0000,
0x0000, 0x0000, 0x0000, 0x0000, 0x0000, 0x0000, 0x0000, 0x0000, 0x0000, 0x0000, 0x0000, 0x0000,
0x0000, 0x0000, 0x0000, 0x0000, 0x0000, 0x0000, 0x0000, 0x0000, 0x0000, 0x0000, 0x0000, 0x0000,
0x0000, 0x0000, 0x0000, 0x0000, 0x0000, 0x0000, 0x0000, 0x0000, 0x0000, 0x0000, 0x0000, 0x0000,
0x0000, 0x0000, 0x0000, 0x0000, 0x0000, 0x0000, 0x0000, 0x0000, 0x0000, 0x0000, 0x0000, 0x0000,
0x0000, 0x0000, 0x0000, 0x0000, 0x2000, 0x2000, 0x2000, 0x2000, 0x2000, 0x2000, 0x2000, 0x2000,
0x2000, 0x2000, 0x2000, 0x2000, 0x2000, 0x2000, 0x2000, 0x2000, 0x0000, 0x0000, 0x0000, 0x0000,
0x0000, 0x0000, 0x0000, 0x0000, 0x0000, 0x0000, 0x0000, 0x0000, 0x0000, 0x0000, 0x0000, 0x0000,
0x0000, 0x0000, 0x0000, 0x0000, 0x0000, 0x0000, 0x0000, 0x0000, 0x0000, 0x0000, 0x0000, 0x0000,
0x0000, 0x0000, 0x0000, 0x0000, 0x0000, 0x0000, 0x0000, 0x0000, 0x0000, 0x0000, 0x0000, 0x0000,
0x0000, 0x0000, 0x0000, 0x0000, 0x0000, 0x0000, 0x0000, 0x0000, 0x0000, 0x0000, 0x0000, 0x0000,
0x0000, 0x0000, 0x0000, 0x0000, 0x0000, 0x0000, 0x0000, 0x0000, 0x0000, 0x0000, 0x0000, 0x0000,
0x0000, 0x0000, 0x0000, 0x0000, 0x0000, 0x0000, 0x0000, 0x0000, 0x0000, 0x0000, 0x0000, 0x0000,
0x0000, 0x0000, 0x0000, 0x0000, 0x0000, 0x0000, 0x0000, 0x0000, 0x0000, 0x0000, 0x0000, 0x0000,
0x0000, 0x0000, 0x0000, 0x0000, 0x0000, 0x0000, 0x0000, 0x0000, 0x0000, 0x0000, 0x0000, 0x0000,
0x0000, 0x0000, 0x0000, 0x0000, 0x0000, 0x0000, 0x0000, 0x0000, 0x0000, 0x0000, 0x0000, 0x0000,
0x0000, 0x0000, 0x0000, 0x0000, 0x0000, 0x0000, 0x0000, 0x0000, 0x0000, 0x0000, 0x0000, 0x0000,
0x0000, 0x0000, 0x0000, 0x0000, 0x0000, 0x0000, 0x0000, 0x0000, 0x0000, 0x0000, 0x0000, 0x0000,
0x0000, 0x0000, 0x0000, 0x0000, 0x0000, 0x0000, 0x0000, 0x0000, 0x0000, 0x0000, 0x0000, 0x0000,
0x0000, 0x0000, 0x0000, 0x0000, 0x0000, 0x0000, 0x0000, 0x0000, 0x0000, 0x0000, 0x0000, 0x0000,
0x0000, 0x0000, 0x0000, 0x0000, 0x0000, 0x0000, 0x0000, 0x0000, 0x0000, 0x0000, 0x0000, 0x0000,
0x0000, 0x0000, 0x0000, 0x0000, 0x0000, 0x0000, 0x0000, 0x0000, 0x0000, 0x0000, 0x0000, 0x0000,
0x0000, 0x0000, 0x0000, 0x0000, 0x0000, 0x0000, 0x0000, 0x0000, 0x0000, 0x0000, 0x0000, 0x0000,
0x0000, 0x0000, 0x0000, 0x0000, 0x0000, 0x0000, 0x0000, 0x0000, 0x0000, 0x0000, 0x0000, 0x0000,
0x0000, 0x0000, 0x0000, 0x0000, 0x0000, 0x0000, 0x0000, 0x0000, 0x0000, 0x0000, 0x0000, 0x0000,
0x0000, 0x0000, 0x0000, 0x0000, 0x0000, 0x0000, 0x0000, 0x0000, 0x0000, 0x0000, 0x0000, 0x0000,
0x0000, 0x0000, 0x0000, 0x0000, 0x0000, 0x0000, 0x0000, 0x0000, 0x0000, 0x0000, 0x0000, 0x0000,
0x0000, 0x0000, 0x0000, 0x0000, 0x0000, 0x0000, 0x0000, 0x0000, 0x0000, 0x0000, 0x0000, 0x0000,
0x0000, 0x0000, 0x0000, 0x0000, 0x0000, 0x0000, 0x0000, 0x0000, 0x0000, 0x0000, 0x0000, 0x0000,
0x0000, 0x0000, 0x0000, 0x0000, 0x0000, 0x0000, 0x0000, 0x0000, 0x0000, 0x0000, 0x0000, 0x0000,
0x0000, 0x0000, 0x0000, 0x0000, 0x0000, 0x0000, 0x0000, 0x0000, 0x0000, 0x0000, 0x0000, 0x0000,
0x0000, 0x0000, 0x0000, 0x0000, 0x0000, 0x0000, 0x0000, 0x0000, 0x0000, 0x0000, 0x0000, 0x0000,
0x0000, 0x0000, 0x0000, 0x0000, 0x0000, 0x0000, 0x0000, 0x0000, 0x0000, 0x0000, 0x0000, 0x0000,
0x0000, 0x0000, 0x0000, 0x0000, 0x0000, 0x0000, 0x0000, 0x0000, 0x0000, 0x0000, 0x0000, 0x0000,
0x0000, 0x0000, 0x0000, 0x0000, 0x0000, 0x0000, 0x0000, 0x0000, 0x0000, 0x0000, 0x0000, 0x0000,
0x0000, 0x0000, 0x0000, 0x0000, 0x0000, 0x0000, 0x0000, 0x0000, 0x0000, 0x0000, 0x0000, 0x0000,
0x0000, 0x0000, 0x0000, 0x0000, 0x0000, 0x0000, 0x0000, 0x0000, 0x0000, 0x0000, 0x0000, 0x0000,
0x0000, 0x0000, 0x0000, 0x0000, 0x0000, 0x0000, 0x0000, 0x0000, 0x0000, 0x0000, 0x0000, 0x0000,
0x0000, 0x0000, 0x0000, 0x0000, 0x0000, 0x0000, 0x0000, 0x0000, 0x0000, 0x0000, 0x0000, 0x0000,
0x0000, 0x0000, 0x0000, 0x0000, 0x0000, 0x0000, 0x0000, 0x0000, 0x0000, 0x0000, 0x0000, 0x0000,
0x0000, 0x0000, 0x0000, 0x0000, 0x0000, 0x0000, 0x0000, 0x0000, 0x0000, 0x0000, 0x0000, 0x0000,
0x0000, 0x0000, 0x0000, 0x0000, 0x0000, 0x0000, 0x0000, 0x0000, 0x0000, 0x0000, 0x0000, 0x0000,
0x0000, 0x0000, 0x0000, 0x0000, 0x0000, 0x0000, 0x0000, 0x0000, 0x0000, 0x0000, 0x0000, 0x0000,
0x0000, 0x0000, 0x0000, 0x0000, 0x0000, 0x0000, 0x0000, 0x0000, 0x0000, 0x0000, 0x0000, 0x0000,
0x0000, 0x0000, 0x0000, 0x0000, 0x0000, 0x0000, 0x0000, 0x0000, 0x0000, 0x0000, 0x0000, 0x0000,
0x0000, 0x0000, 0x0000, 0x0000, 0x0000, 0x0000, 0x0000, 0x0000, 0x0000, 0x0000, 0x0000, 0x0000,
0x0000, 0x0000, 0x0000, 0x0000, 0x0000, 0x0000, 0x0000, 0x0000, 0x0000, 0x0000, 0x0000, 0x0000,
0x0000, 0x0000, 0x0000, 0x0000, 0x0000, 0x0000, 0x0000, 0x0000, 0x0000, 0x0000, 0x0000, 0x0000,
0x0000, 0x0000, 0x0000, 0x0000, 0x0000, 0x0000, 0x0000, 0x0000, 0x0000, 0x0000, 0x0000, 0x0000,
0x0000, 0x0000, 0x0000, 0x0000, 0x0000, 0x0000, 0x0000, 0x0000, 0x0000, 0x0000, 0x0000, 0x0000,
0x0000, 0x0000, 0x0000, 0x0000, 0x0000, 0x0000, 0x0000, 0x0000, 0x0000, 0x0000, 0x0000, 0x0000,
0x0000, 0x0000, 0x0000, 0x0000, 0x0000, 0x0000, 0x0000, 0x0000, 0x0000, 0x0000, 0x0000, 0x0000,
0x0000, 0x0000, 0x0000, 0x0000, 0x0000, 0x0000, 0x0000, 0x0000, 0x0000, 0x0000, 0x0000, 0x0000,
0x0000, 0x0000, 0x0000, 0x0000, 0x0000, 0x0000, 0x0000, 0x0000, 0x0000, 0x0000, 0x0000, 0x0000,
0x0000, 0x0000, 0x0000, 0x0000, 0x0000, 0x0000, 0x0000, 0x0000, 0x0000, 0x0000, 0x0000, 0x0000,
0x0000, 0x0000, 0x0000, 0x0000, 0x0000, 0x0000, 0x0000, 0x0000, 0x0000, 0x0000, 0x0000, 0x0000,
0x0000, 0x0000, 0x0000, 0x0000, 0x0000, 0x0000, 0x0000, 0x0000, 0x0000, 0x0000, 0x0000, 0x0000,
0x0000, 0x0000, 0x0000, 0x0000, 0x0000, 0x0000, 0x0000, 0x0000, 0x0000, 0x0000, 0x0000, 0x0000,
0x0000, 0x0000, 0x0000, 0x0000, 0x0000, 0x0000, 0x0000, 0x0000, 0x0000, 0x0000, 0x0000, 0x0000,
0x0000, 0x0000, 0x0000, 0x0000, 0x0000, 0x0000, 0x0000, 0x0000, 0x0000, 0x0000, 0x0000, 0x0000,
0x0000, 0x0000, 0x0000, 0x0000, 0x0000, 0x0000, 0x0000, 0x0000, 0x0000, 0x0000, 0x0000, 0x0000,
0x0000, 0x0000, 0x0000, 0x0000, 0x0000, 0x0000, 0x0000, 0x0000, 0x0000, 0x0000, 0x0000, 0x0000,
0x0000, 0x0000, 0x0000, 0x0000, 0x0000, 0x0000, 0x0000, 0x0000, 0x0000, 0x0000, 0x0000, 0x0000,
0x0000, 0x0000, 0x0000, 0x0000, 0x0000, 0x0000, 0x0000, 0x0000, 0x0000, 0x0000, 0x0000, 0x0000,
0x0000, 0x0000, 0x0000, 0x0000, 0x0000, 0x0000, 0x0000, 0x0000, 0x0000, 0x0000, 0x0000, 0x0000,
0x0000, 0x0000, 0x0000, 0x0000, 0x0000, 0x0000, 0x0000, 0x0000, 0x0000, 0x0000, 0x0000, 0x0000,
0x0000, 0x0000, 0x0000, 0x0000, 0x0000, 0x0000, 0x0000, 0x0000, 0x0000, 0x0000, 0x0000, 0x0000,
0x0000, 0x0000, 0x0000, 0x0000, 0x0000, 0x0000, 0x0000, 0x0000, 0x0000, 0x0000, 0x0000, 0x0000,
0x0000, 0x0000, 0x0000, 0x0000, 0x0000, 0x0000, 0x0000, 0x0000, 0x0000, 0x0000, 0x0000, 0x0000,
0x0000, 0x0000, 0x0000, 0x0000, 0x0000, 0x0000, 0x0000, 0x0000, 0x0000, 0x0000, 0x0000, 0x0000,
0x0000, 0x0000, 0x0000, 0x0000, 0x0000, 0x0000, 0x0000, 0x0000, 0x0000, 0x0000, 0x0000, 0x0000,
0x0000, 0x0000, 0x0000, 0x0000, 0x0000, 0x0000, 0x0000, 0x0000, 0x0000, 0x0000, 0x0000, 0x0000,
0x0000, 0x0000, 0x0000, 0x0000, 0x0000, 0x0000, 0x0000, 0x0000, 0x0000, 0x0000, 0x0000, 0x0000,
0x0000, 0x0000, 0x0000, 0x0000, 0x0000, 0x0000, 0x0000, 0x0000, 0x0000, 0x0000, 0x0000, 0x0000,
0x0000, 0x0000, 0x0000, 0x0000, 0x0000, 0x0000, 0x0000, 0x0000, 0x0000, 0x0000, 0x0000, 0x0000,
0x0000, 0x0000, 0x0000, 0x0000, 0x0000, 0x0000, 0x0000, 0x0000, 0x0000, 0x0000, 0x0000, 0x0000,
0x0000, 0x0000, 0x0000, 0x0000, 0x0000, 0x0000, 0x0000, 0x0000, 0x0000, 0x0000, 0x0000, 0x0000,
0x0000, 0x0000, 0x0000, 0x0000, 0x0000, 0x0000, 0x0000, 0x0000, 0x0000, 0x0000, 0x0000, 0x0000,
0x0000, 0x0000, 0x0000, 0x0000, 0x0000, 0x0000, 0x0000, 0x0000, 0x0000, 0x0000, 0x0000, 0x0000,
0x0000, 0x0000, 0x0000, 0x0000, 0x0000, 0x0000, 0x0000, 0x0000, 0x0000, 0x0000, 0x0000, 0x0000,
0x0000, 0x0000, 0x0000, 0x0000, 0x0000, 0x0000, 0x0000, 0x0000, 0x0000, 0x0000, 0x0000, 0x0000,
0x0000, 0x0000, 0x0000, 0x0000, 0x0000, 0x0000, 0x0000, 0x0000, 0x0000, 0x0000, 0x0000, 0x0000,
0x0000, 0x0000, 0x0000, 0x0000, 0x0000, 0x0000, 0x0000, 0x0000, 0x0000, 0x0000, 0x0000, 0x0000,
0x0000, 0x0000, 0x0000, 0x0000, 0x0000, 0x0000, 0x0000, 0x0000, 0x0000, 0x0000, 0x0000, 0x0000,
0x0000, 0x0000, 0x0000, 0x0000, 0x0000, 0x0000, 0x0000, 0x0000, 0x0000, 0x0000, 0x0000, 0x0000,
0x0000, 0x0000, 0x0000, 0x0000, 0x0000, 0x0000, 0x0000, 0x0000, 0x0000, 0x0000, 0x0000, 0x0000,
0x0000, 0x0000, 0x0000, 0x0000, 0x0000, 0x0000, 0x0000, 0x0000, 0x0000, 0x0000, 0x0000, 0x0000,
0x0000, 0x0000, 0x0000, 0x0000, 0x0000, 0x0000, 0x0000, 0x0000, 0x0000, 0x0000, 0x0000, 0x0000,
0x0000, 0x0000, 0x0000, 0x0000, 0x0000, 0x0000, 0x0000, 0x0000, 0x0000, 0x0000, 0x0000, 0x0000,
0x0000, 0x0000, 0x0000, 0x0000, 0x0000, 0x0000, 0x0000, 0x0000, 0x0000, 0x0000, 0x0000, 0x0000,
0x0000, 0x0000, 0x0000, 0x0000, 0x0000, 0x0000, 0x0000, 0x0000, 0x0000, 0x0000, 0x0000, 0x0000,
0x0000, 0x0000, 0x0000, 0x0000, 0x0000, 0x0000, 0x0000, 0x0000, 0x0000, 0x0000, 0x0000, 0x0000,
0x0000, 0x0000, 0x0000, 0x0000, 0x0000, 0x0000, 0x0000, 0x0000, 0x0000, 0x0000, 0x0000, 0x0000,
0x0000, 0x0000, 0x0000, 0x0000, 0x0000, 0x0000, 0x0000, 0x0000, 0x0000, 0x0000, 0x0000, 0x0000,
0x0000, 0x0000, 0x0000, 0x0000, 0x0000, 0x0000, 0x0000, 0x0000, 0x0000, 0x0000, 0x0000, 0x0000,
0x0000, 0x0000, 0x0000, 0x0000, 0x0000, 0x0000, 0x0000, 0x0000, 0x0000, 0x0000, 0x0000, 0x0000,
0x0000, 0x0000, 0x0000, 0x0000, 0x0000, 0x0000, 0x0000, 0x0000, 0x0000, 0x0000, 0x0000, 0x0000,
0x0000, 0x0000, 0x0000, 0x0000, 0x0000, 0x0000, 0x0000, 0x0000, 0x0000, 0x0000, 0x0000, 0x0000,
0x0000, 0x0000, 0x0000, 0x0000, 0x0000, 0x0000, 0x0000, 0x0000, 0x0000, 0x0000, 0x0000, 0x0000,
0x0000, 0x0000, 0x0000, 0x0000, 0x0000, 0x0000, 0x0000, 0x0000, 0x0000, 0x0000, 0x0000, 0x0000,
0x0000, 0x0000, 0x0000, 0x0000, 0x0000, 0x0000, 0x0000, 0x0000, 0x0000, 0x0000, 0x0000, 0x0000,
0x0000, 0x0000, 0x0000, 0x0000, 0x0000, 0x0000, 0x0000, 0x0000, 0x0000, 0x0000, 0x0000, 0x0000,
0x0000, 0x0000, 0x0000, 0x0000, 0x0000, 0x0000, 0x0000, 0x0000, 0x0000, 0x0000, 0x0000, 0x0000,
0x0000, 0x0000, 0x0000, 0x0000, 0x0000, 0x0000, 0x0000, 0x0000, 0x0000, 0x0000, 0x0000, 0x0000,
0x0000, 0x0000, 0x0000, 0x0000, 0x0000, 0x0000, 0x0000, 0x0000, 0x0000, 0x0000, 0x0000, 0x0000,
0x0000, 0x0000, 0x0000, 0x0000, 0x0000, 0x0000, 0x0000, 0x0000, 0x0000, 0x0000, 0x0000, 0x0000,
0x0000, 0x0000, 0x0000, 0x0000, 0x0000, 0x0000, 0x0000, 0x0000, 0x0000, 0x0000, 0x0000, 0x0000,
0x0000, 0x0000, 0x0000, 0x0000, 0x0000, 0x0000, 0x0000, 0x0000, 0x0000, 0x0000, 0x0000, 0x0000,
0x0000, 0x0000, 0x0000, 0x0000, 0x0000, 0x0000, 0x0000, 0x0000, 0x0000, 0x0000, 0x0000, 0x0000,
0x0000, 0x0000, 0x0000, 0x0000, 0x0000, 0x0000, 0x0000, 0x0000, 0x0000, 0x0000, 0x0000, 0x0000,
0x0000, 0x0000, 0x0000, 0x0000, 0x0000, 0x0000, 0x0000, 0x0000, 0x0000, 0x0000, 0x0000, 0x0000,
0x0000, 0x0000, 0x0000, 0x0000, 0x0000, 0x0000, 0x0000, 0x0000, 0x0000, 0x0000, 0x0000, 0x0000,
0x0000, 0x0000, 0x0000, 0x0000, 0x0000, 0x0000, 0x0000, 0x0000, 0x0000, 0x0000, 0x0000, 0x0000,
0x0000, 0x0000, 0x0000, 0x0000, 0x0000, 0x0000, 0x0000, 0x0000, 0x0000, 0x0000, 0x0000, 0x0000,
0x0000, 0x0000, 0x0000, 0x0000, 0x0000, 0x0000, 0x0000, 0x0000, 0x0000, 0x0000, 0x0000, 0x0000,
0x0000, 0x0000, 0x0000, 0x0000, 0x0000, 0x0000, 0x0000, 0x0000, 0x0000, 0x0000, 0x0000, 0x0000,
0x0000, 0x0000, 0x0000, 0x0000, 0x0000, 0x0000, 0x0000, 0x0000, 0x0000, 0x0000, 0x0000, 0x0000,
0x0000, 0x0000, 0x0000, 0x0000, 0x0000, 0x0000, 0x0000, 0x0000, 0x0000, 0x0000, 0x0000, 0x0000,
0x0000, 0x0000, 0x0000, 0x0000, 0x0000, 0x0000, 0x0000, 0x0000, 0x0000, 0x0000, 0x0000, 0x0000,
0x0000, 0x0000, 0x0000, 0x0000, 0x0000, 0x0000, 0x0000, 0x0000, 0x0000, 0x0000, 0x0000, 0x0000,
0x0000, 0x0000, 0x0000, 0x0000, 0x0000, 0x0000, 0x0000, 0x0000, 0x0000, 0x0000, 0x0000, 0x0000,
0x0000, 0x0000, 0x0000, 0x0000, 0x0000, 0x0000, 0x0000, 0x0000, 0x0000, 0x0000, 0x0000, 0x0000,
0x0000, 0x0000, 0x0000, 0x0000, 0x0000, 0x0000, 0x0000, 0x0000, 0x0000, 0x0000, 0x0000, 0x0000,
0x0000, 0x0000, 0x0000, 0x0000, 0x0000, 0x0000, 0x0000, 0x0000, 0x0000, 0x0000, 0x0000, 0x0000,
0x0000, 0x0000, 0x0000, 0x0000, 0x0000, 0x0000, 0x0000, 0x0000, 0x0000, 0x0000, 0x0000, 0x0000,
0x0000, 0x0000, 0x0000, 0x0000, 0x0000, 0x0000, 0x0000, 0x0000, 0x0000, 0x0000, 0x0000, 0x0000,
0x0000, 0x0000, 0x0000, 0x0000, 0x0000, 0x0000, 0x0000, 0x0000, 0x0000, 0x0000, 0x0000, 0x0000,
0x0000, 0x0000, 0x0000, 0x0000, 0x0000, 0x0000, 0x0000, 0x0000, 0x0000, 0x0000, 0x0000, 0x0000,
0x0000, 0x0000, 0x0000, 0x0000, 0x0000, 0x0000, 0x0000, 0x0000, 0x0000, 0x0000, 0x0000, 0x0000,
0x0000, 0x0000, 0x0000, 0x0000, 0x0000, 0x0000, 0x0000, 0x0000, 0x0000, 0x0000, 0x0000, 0x0000,
0x0000, 0x0000, 0x0000, 0x0000, 0x0000, 0x0000, 0x0000, 0x0000, 0x0000, 0x0000, 0x0000, 0x0000,
0x0000, 0x0000, 0x0000, 0x0000, 0x0000, 0x0000, 0x0000, 0x0000, 0x0000, 0x0000, 0x0000, 0x0000,
0x0000, 0x0000, 0x0000, 0x0000, 0x0000, 0x0000, 0x0000, 0x0000, 0x0000, 0x0000, 0x0000, 0x0000,
0x0000, 0x0000, 0x0000, 0x0000, 0x0000, 0x0000, 0x0000, 0x0000, 0x0000, 0x0000, 0x0000, 0x0000,
0x0000, 0x0000, 0x0000, 0x0000, 0x0000, 0x0000, 0x0000, 0x0000, 0x0000, 0x0000, 0x0000, 0x0000,
0x0000, 0x0000, 0x0000, 0x0000, 0x0000, 0x0000, 0x0000, 0x0000, 0x0000, 0x0000, 0x0000, 0x0000,
0x0000, 0x0000, 0x0000, 0x0000, 0x0000, 0x0000, 0x0000, 0x0000, 0x0000, 0x0000, 0x0000, 0x0000,
0x0000, 0x0000, 0x0000, 0x0000, 0x0000, 0x0000, 0x0000, 0x0000, 0x0000, 0x0000, 0x0000, 0x0000,
0x0000, 0x0000, 0x0000, 0x0000, 0x0000, 0x0000, 0x0000, 0x0000, 0x0000, 0x0000, 0x0000, 0x0000,
0x0000, 0x0000, 0x0000, 0x0000, 0x0000, 0x0000, 0x0000, 0x0000, 0x0000, 0x0000, 0x0000, 0x0000,
0x0000, 0x0000, 0x0000, 0x0000, 0x0000, 0x0000, 0x0000, 0x0000, 0x0000, 0x0000, 0x0000, 0x0000,
0x0000, 0x0000, 0x0000, 0x0000, 0x0000, 0x0000, 0x0000, 0x0000, 0x0000, 0x0000, 0x0000, 0x0000,
0x0000, 0x0000, 0x0000, 0x0000, 0x0000, 0x0000, 0x0000, 0x0000, 0x0000, 0x0000, 0x0000, 0x0000,
0x0000, 0x0000, 0x0000, 0x0000, 0x0000, 0x0000, 0x0000, 0x0000, 0x0000, 0x0000, 0x0000, 0x0000,
0x0000, 0x0000, 0x0000, 0x0000, 0x0000, 0x0000, 0x0000, 0x0000, 0x0000, 0x0000, 0x0000, 0x0000,
0x0000, 0x0000, 0x0000, 0x0000, 0x0000, 0x0000, 0x0000, 0x0000, 0x0000, 0x0000, 0x0000, 0x0000,
0x0000, 0x0000, 0x0000, 0x0000, 0x0000, 0x0000, 0x0000, 0x0000, 0x0000, 0x0000, 0x0000, 0x0000,
0x0000, 0x0000, 0x0000, 0x0000, 0x0000, 0x0000, 0x0000, 0x0000, 0x0000, 0x0000, 0x0000, 0x0000,
0x0000, 0x0000, 0x0000, 0x0000, 0x0000, 0x0000, 0x0000, 0x0000, 0x0000, 0x0000, 0x0000, 0x0000,
0x0000, 0x0000, 0x0000, 0x0000, 0x0000, 0x0000, 0x0000, 0x0000, 0x0000, 0x0000, 0x0000, 0x0000,
0x0000, 0x0000, 0x0000, 0x0000, 0x0000, 0x0000, 0x0000, 0x0000, 0x0000, 0x0000, 0x0000, 0x0000,
0x0000, 0x0000, 0x0000, 0x0000, 0x0000, 0x0000, 0x0000, 0x0000, 0x0000, 0x0000, 0x0000, 0x0000,
0x0000, 0x0000, 0x0000, 0x0000, 0x0000, 0x0000, 0x0000, 0x0000, 0x0000, 0x0000, 0x0000, 0x0000,
0x0000, 0x0000, 0x0000, 0x0000, 0x0000, 0x0000, 0x0000, 0x0000, 0x0000, 0x0000, 0x0000, 0x0000,
0x0000, 0x0000, 0x0000, 0x0000, 0x0000, 0x0000, 0x0000, 0x0000, 0x0000, 0x0000, 0x0000, 0x0000,
0x0000, 0x0000, 0x0000, 0x0000, 0x0000, 0x0000, 0x0000, 0x0000, 0x0000, 0x0000, 0x0000, 0x0000,
0x0000, 0x0000, 0x0000, 0x0000, 0x0000, 0x0000, 0x0000, 0x0000, 0x0000, 0x0000, 0x0000, 0x0000,
0x0000, 0x0000, 0x0000, 0x0000, 0x0000, 0x0000, 0x0000, 0x0000, 0x0000, 0x0000, 0x0000, 0x0000,
0x0000, 0x0000, 0x0000, 0x0000, 0x0000, 0x0000, 0x0000, 0x0000, 0x0000, 0x0000, 0x0000, 0x0000,
0x0000, 0x0000, 0x0000, 0x0000, 0x0000, 0x0000, 0x0000, 0x0000, 0x0000, 0x0000, 0x0000, 0x0000,
0x0000, 0x0000, 0x0000, 0x0000, 0x0000, 0x0000, 0x0000, 0x0000, 0x0000, 0x0000, 0x0000, 0x0000,
0x0000, 0x0000, 0x0000, 0x0000, 0x0000, 0x0000, 0x0000, 0x0000, 0x0000, 0x0000, 0x0000, 0x0000,
0x0000, 0x0000, 0x0000, 0x0000, 0x0000, 0x0000, 0x0000, 0x0000, 0x0000, 0x0000, 0x0000, 0x0000,
0x0000, 0x0000, 0x0000, 0x0000, 0x0000, 0x0000, 0x0000, 0x0000, 0x0000, 0x0000, 0x0000, 0x0000,
0x0000, 0x0000, 0x0000, 0x0000, 0x0000, 0x0000, 0x0000, 0x0000, 0x0000, 0x0000, 0x0000, 0x0000,
0x0000, 0x0000, 0x0000, 0x0000, 0x0000, 0x0000, 0x0000, 0x0000, 0x0000, 0x0000, 0x0000, 0x0000,
0x0000, 0x0000, 0x0000, 0x0000, 0x0000, 0x0000, 0x0000, 0x0000, 0x0000, 0x0000, 0x0000, 0x0000,
0x0000, 0x0000, 0x0000, 0x0000, 0x0000, 0x0000, 0x0000, 0x0000, 0x0000, 0x0000, 0x0000, 0x0000,
0x0000, 0x0000, 0x0000, 0x0000, 0x0000, 0x0000, 0x0000, 0x0000, 0x0000, 0x0000, 0x0000, 0x0000,
0x0000, 0x0000, 0x0000, 0x0000, 0x0000, 0x0000, 0x0000, 0x0000, 0x0000, 0x0000, 0x0000, 0x0000,
0x0000, 0x0000, 0x0000, 0x0000, 0x0000, 0x0000, 0x0000, 0x0000, 0x0000, 0x0000, 0x0000, 0x0000,
0x0000, 0x0000, 0x0000, 0x0000, 0x0000, 0x0000, 0x0000, 0x0000, 0x0000, 0x0000, 0x0000, 0x0000,
0x0000, 0x0000, 0x0000, 0x0000, 0x0000, 0x0000, 0x0000, 0x0000, 0x0000, 0x0000, 0x0000, 0x0000,
0x0000, 0x0000, 0x0000, 0x0000, 0x0000, 0x0000, 0x0000, 0x0000, 0x0000, 0x0000, 0x0000, 0x0000,
0x0000, 0x0000, 0x0000, 0x0000, 0x0000, 0x0000, 0x0000, 0x0000, 0x0000, 0x0000, 0x0000, 0x0000,
0x0000, 0x0000, 0x0000, 0x0000, 0x0000, 0x0000, 0x0000, 0x0000, 0x0000, 0x0000, 0x0000, 0x0000,
0x0000, 0x0000, 0x0000, 0x0000, 0x0000, 0x0000, 0x0000, 0x0000, 0x0000, 0x0000, 0x0000, 0x0000,
0x0000, 0x0000, 0x0000, 0x0000, 0x0000, 0x0000, 0x0000, 0x0000, 0x0000, 0x0000, 0x0000, 0x0000,
0x0000, 0x0000, 0x0000, 0x0000, 0x0000, 0x0000, 0x0000, 0x0000, 0x0000, 0x0000, 0x0000, 0x0000,
0x0000, 0x0000, 0x0000, 0x0000, 0x0000, 0x0000, 0x0000, 0x0000, 0x0000, 0x0000, 0x0000, 0x0000,
0x0000, 0x0000, 0x0000, 0x0000, 0x0000, 0x0000, 0x0000, 0x0000, 0x0000, 0x0000, 0x0000, 0x0000,
0x0000, 0x0000, 0x0000, 0x0000, 0x0000, 0x0000, 0x0000, 0x0000, 0x0000, 0x0000, 0x0000, 0x0000,
0x0000, 0x0000, 0x0000, 0x0000, 0x0000, 0x0000, 0x0000, 0x0000, 0x0000, 0x0000, 0x0000, 0x0000,
0x0000, 0x0000, 0x0000, 0x0000, 0x0000, 0x0000, 0x0000, 0x0000, 0x0000, 0x0000, 0x0000, 0x0000,
0x0000, 0x0000, 0x0000, 0x0000, 0x0000, 0x0000, 0x0000, 0x0000, 0x0000, 0x0000, 0x0000, 0x0000,
0x0000, 0x0000, 0x0000, 0x0000, 0x0000, 0x0000, 0x0000, 0x0000, 0x0000, 0x0000, 0x0000, 0x0000,
0x0000, 0x0000, 0x0000, 0x0000, 0x0000, 0x0000, 0x0000, 0x0000, 0x0000, 0x0000, 0x0000, 0x0000,
0x0000, 0x0000, 0x0000, 0x0000, 0x0000, 0x0000, 0x0000, 0x0000, 0x0000, 0x0000, 0x0000, 0x0000,
0x0000, 0x0000, 0x0000, 0x0000, 0x0000, 0x0000, 0x0000, 0x0000, 0x0000, 0x0000, 0x0000, 0x0000,
0x0000, 0x0000, 0x0000, 0x0000, 0x0000, 0x0000, 0x0000, 0x0000, 0x0000, 0x0000, 0x0000, 0x0000,
0x0000, 0x0000, 0x0000, 0x0000, 0x0000, 0x0000, 0x0000, 0x0000, 0x0000, 0x0000, 0x0000, 0x0000,
0x0000, 0x0000, 0x0000, 0x0000, 0x0000, 0x0000, 0x0000, 0x0000, 0x0000, 0x0000, 0x0000, 0x0000,
0x0000, 0x0000, 0x0000, 0x0000, 0x0000, 0x0000, 0x0000, 0x0000, 0x0000, 0x0000, 0x0000, 0x0000,
0x0000, 0x0000, 0x0000, 0x0000, 0x0000, 0x0000, 0x0000, 0x0000, 0x0000, 0x0000, 0x0000, 0x0000,
0x0000, 0x0000, 0x0000, 0x0000, 0x0000, 0x0000, 0x0000, 0x0000, 0x0000, 0x0000, 0x0000, 0x0000,
0x0000, 0x0000, 0x0000, 0x0000, 0x0000, 0x0000, 0x0000, 0x0000, 0x0000, 0x0000, 0x0000, 0x0000,
0x0000, 0x0000, 0x0000, 0x0000, 0x0000, 0x0000, 0x0000, 0x0000, 0x0000, 0x0000, 0x0000, 0x0000,
0x0000, 0x0000, 0x0000, 0x0000, 0x0000, 0x0000, 0x0000, 0x0000, 0x0000, 0x0000, 0x0000, 0x0000,
0x0000, 0x0000, 0x0000, 0x0000, 0x0000, 0x0000, 0x0000, 0x0000, 0x0000, 0x0000, 0x0000, 0x0000,
0x0000, 0x0000, 0x0000, 0x0000, 0x0000, 0x0000, 0x0000, 0x0000, 0x0000, 0x0000, 0x0000, 0x0000,
0x0000, 0x0000, 0x0000, 0x0000, 0x0000, 0x0000, 0x0000, 0x0000, 0x0000, 0x0000, 0x0000, 0x0000,
0x0000, 0x0000, 0x0000, 0x0000, 0x0000, 0x0000, 0x0000, 0x0000, 0x0000, 0x0000, 0x0000, 0x0000,
0x0000, 0x0000, 0x0000, 0x0000, 0x0000, 0x0000, 0x0000, 0x0000, 0x0000, 0x0000, 0x0000, 0x0000,
0x0000, 0x0000, 0x0000, 0x0000, 0x0000, 0x0000, 0x0000, 0x0000, 0x0000, 0x0000, 0x0000, 0x0000,
0x0000, 0x0000, 0x0000, 0x0000, 0x0000, 0x0000, 0x0000, 0x0000, 0x0000, 0x0000, 0x0000, 0x0000,
0x0000, 0x0000, 0x0000, 0x0000, 0x0000, 0x0000, 0x0000, 0x0000, 0x0000, 0x0000, 0x0000, 0x0000,
0x0000, 0x0000, 0x0000, 0x0000, 0x0000, 0x0000, 0x0000, 0x0000, 0x0000, 0x0000, 0x0000, 0x0000,
0x0000, 0x0000, 0x0000, 0x0000, 0x0000, 0x0000, 0x0000, 0x0000, 0x0000, 0x0000, 0x0000, 0x0000,
0x0000, 0x0000, 0x0000, 0x0000, 0x0000, 0x0000, 0x0000, 0x0000, 0x0000, 0x0000, 0x0000, 0x0000,
0x0000, 0x0000, 0x0000, 0x0000, 0x0000, 0x0000, 0x0000, 0x0000, 0x0000, 0x0000, 0x0000, 0x0000,
0x0000, 0x0000, 0x0000, 0x0000, 0x0000, 0x0000, 0x0000, 0x0000, 0x0000, 0x0000, 0x0000, 0x0000,
0x0000, 0x0000, 0x0000, 0x0000, 0x0000, 0x0000, 0x0000, 0x0000, 0x0000, 0x0000, 0x0000, 0x0000,
0x0000, 0x0000, 0x0000, 0x0000, 0x0000, 0x0000, 0x0000, 0x0000, 0x0000, 0x0000, 0x0000, 0x0000,
0x0000, 0x0000, 0x0000, 0x0000, 0x0000, 0x0000, 0x0000, 0x0000, 0x0000, 0x0000, 0x0000, 0x0000,
0x0000, 0x0000, 0x0000, 0x0000, 0x0000, 0x0000, 0x0000, 0x0000, 0x0000, 0x0000, 0x0000, 0x0000,
0x0000, 0x0000, 0x0000, 0x0000, 0x0000, 0x0000, 0x0000, 0x0000, 0x0000, 0x0000, 0x0000, 0x0000,
0x0000, 0x0000, 0x0000, 0x0000, 0x0000, 0x0000, 0x0000, 0x0000, 0x0000, 0x0000, 0x0000, 0x0000,
0x0000, 0x0000, 0x0000, 0x0000, 0x0000, 0x0000, 0x0000, 0x0000, 0x0000, 0x0000, 0x0000, 0x0000,
0x0000, 0x0000, 0x0000, 0x0000, 0x0000, 0x0000, 0x0000, 0x0000, 0x0000, 0x0000, 0x0000, 0x0000,
0x0000, 0x0000, 0x0000, 0x0000, 0x0000, 0x0000, 0x0000, 0x0000, 0x0000, 0x0000, 0x0000, 0x0000,
0x0000, 0x0000, 0x0000, 0x0000, 0x0000, 0x0000, 0x0000, 0x0000, 0x0000, 0x0000, 0x0000, 0x0000,
0x0000, 0x0000, 0x0000, 0x0000, 0x0000, 0x0000, 0x0000, 0x0000, 0x0000, 0x0000, 0x0000, 0x0000,
0x0000, 0x0000, 0x0000, 0x0000, 0x0000, 0x0000, 0x0000, 0x0000, 0x0000, 0x0000, 0x0000, 0x0000,
0x0000, 0x0000, 0x0000, 0x0000, 0x0000, 0x0000, 0x0000, 0x0000, 0x0000, 0x0000, 0x0000, 0x0000,
0x0000, 0x0000, 0x0000, 0x0000, 0x0000, 0x0000, 0x0000, 0x0000, 0x0000, 0x0000, 0x0000, 0x0000,
0x0000, 0x0000, 0x0000, 0x0000, 0x0000, 0x0000, 0x0000, 0x0000, 0x0000, 0x0000, 0x0000, 0x0000,
0x0000, 0x0000, 0x0000, 0x0000, 0x0000, 0x0000, 0x0000, 0x0000, 0x0000, 0x0000, 0x0000, 0x0000,
0x0000, 0x0000, 0x0000, 0x0000, 0x0000, 0x0000, 0x0000, 0x0000, 0x0000, 0x0000, 0x0000, 0x0000,
0x0000, 0x0000, 0x0000, 0x0000, 0x0000, 0x0000, 0x0000, 0x0000, 0x0000, 0x0000, 0x0000, 0x0000,
0x0000, 0x0000, 0x0000, 0x0000, 0x0000, 0x0000, 0x0000, 0x0000, 0x0000, 0x0000, 0x0000, 0x0000,
0x0000, 0x0000, 0x0000, 0x0000, 0x0000, 0x0000, 0x0000, 0x0000, 0x0000, 0x0000, 0x0000, 0x0000,
0x0000, 0x0000, 0x0000, 0x0000, 0x0000, 0x0000, 0x0000, 0x0000, 0x0000, 0x0000, 0x0000, 0x0000,
0x0000, 0x0000, 0x0000, 0x0000, 0x0000, 0x0000, 0x0000, 0x0000, 0x0000, 0x0000, 0x0000, 0x0000,
0x0000, 0x0000, 0x0000, 0x0000, 0x0000, 0x0000, 0x0000, 0x0000, 0x0000, 0x0000, 0x0000, 0x0000,
0x0000, 0x0000, 0x0000, 0x0000, 0x0000, 0x0000, 0x0000, 0x0000, 0x0000, 0x0000, 0x0000, 0x0000,
0x0000, 0x0000, 0x0000, 0x0000, 0x0000, 0x0000, 0x0000, 0x0000, 0x0000, 0x0000, 0x0000, 0x0000,
0x0000, 0x0000, 0x0000, 0x0000, 0x0000, 0x0000, 0x0000, 0x0000, 0x0000, 0x0000, 0x0000, 0x0000,
0x0000, 0x0000, 0x0000, 0x0000, 0x0000, 0x0000, 0x0000, 0x0000, 0x0000, 0x0000, 0x0000, 0x0000,
0x0000, 0x0000, 0x0000, 0x0000, 0x0000, 0x0000, 0x0000, 0x0000, 0x0000, 0x0000, 0x0000, 0x0000,
0x0000, 0x0000, 0x0000, 0x0000, 0x0000, 0x0000, 0x0000, 0x0000, 0x0000, 0x0000, 0x0000, 0x0000,
0x0000, 0x0000, 0x0000, 0x0000, 0x0000, 0x0000, 0x0000, 0x0000, 0x0000, 0x0000, 0x0000, 0x0000,
0x0000, 0x0000, 0x0000, 0x0000, 0x0000, 0x0000, 0x0000, 0x0000, 0x0000, 0x0000, 0x0000, 0x0000,
0x0000, 0x0000, 0x0000, 0x0000, 0x0000, 0x0000, 0x0000, 0x0000, 0x0000, 0x0000, 0x0000, 0x0000,
0x0000, 0x0000, 0x0000, 0x0000, 0x0000, 0x0000, 0x0000, 0x0000, 0x0000, 0x0000, 0x0000, 0x0000,
0x0000, 0x0000, 0x0000, 0x0000, 0x0000, 0x0000, 0x0000, 0x0000, 0x0000, 0x0000, 0x0000, 0x0000,
0x0000, 0x0000, 0x0000, 0x0000, 0x0000, 0x0000, 0x0000, 0x0000, 0x0000, 0x0000, 0x0000, 0x0000,
0x0000, 0x0000, 0x0000, 0x0000, 0x0000, 0x0000, 0x0000, 0x0000, 0x0000, 0x0000, 0x0000, 0x0000,
0x0000, 0x0000, 0x0000, 0x0000, 0x0000, 0x0000, 0x0000, 0x0000, 0x0000, 0x0000, 0x0000, 0x0000,
0x0000, 0x0000, 0x0000, 0x0000, 0x0000, 0x0000, 0x0000, 0x0000, 0x0000, 0x0000, 0x0000, 0x0000,
0x0000, 0x0000, 0x0000, 0x0000, 0x0000, 0x0000, 0x0000, 0x0000, 0x0000, 0x0000, 0x0000, 0x0000,
0x0000, 0x0000, 0x0000, 0x0000, 0x0000, 0x0000, 0x0000, 0x0000, 0x0000, 0x0000, 0x0000, 0x0000,
0x0000, 0x0000, 0x0000, 0x0000, 0x0000, 0x0000, 0x0000, 0x0000, 0x0000, 0x0000, 0x0000, 0x0000,
0x0000, 0x0000, 0x0000, 0x0000, 0x0000, 0x0000, 0x0000, 0x0000, 0x0000, 0x0000, 0x0000, 0x0000,
0x0000, 0x0000, 0x0000, 0x0000, 0x0000, 0x0000, 0x0000, 0x0000, 0x0000, 0x0000, 0x0000, 0x0000,
0x0000, 0x0000, 0x0000, 0x0000, 0x0000, 0x0000, 0x0000, 0x0000, 0x0000, 0x0000, 0x0000, 0x0000,
0x0000, 0x0000, 0x0000, 0x0000, 0x0000, 0x0000, 0x0000, 0x0000, 0x0000, 0x0000, 0x0000, 0x0000,
0x0000, 0x0000, 0x0000, 0x0000, 0x0000, 0x0000, 0x0000, 0x0000, 0x0000, 0x0000, 0x0000, 0x0000,
0x0000, 0x0000, 0x0000, 0x0000, 0x0000, 0x0000, 0x0000, 0x0000, 0x0000, 0x0000, 0x0000, 0x0000,
0x0000, 0x0000, 0x0000, 0x0000, 0x0000, 0x0000, 0x0000, 0x0000, 0x0000, 0x0000, 0x0000, 0x0000,
0x0000, 0x0000, 0x0000, 0x0000, 0x0000, 0x0000, 0x0000, 0x0000, 0x0000, 0x0000, 0x0000, 0x0000,
0x0000, 0x0000, 0x0000, 0x0000, 0x0000, 0x0000, 0x0000, 0x0000, 0x0000, 0x0000, 0x0000, 0x0000,
0x0000, 0x0000, 0x0000, 0x0000, 0x0000, 0x0000, 0x0000, 0x0000, 0x0000, 0x0000, 0x0000, 0x0000,
0x0000, 0x0000, 0x0000, 0x0000, 0x0000, 0x0000, 0x0000, 0x0000, 0x0000, 0x0000, 0x0000, 0x0000,
0x0000, 0x0000, 0x0000, 0x0000, 0x0000, 0x0000, 0x0000, 0x0000, 0x0000, 0x0000, 0x0000, 0x0000,
0x0000, 0x0000, 0x0000, 0x0000, 0x0000, 0x0000, 0x0000, 0x0000, 0x0000, 0x0000, 0x0000, 0x0000,
0x0000, 0x0000, 0x0000, 0x0000, 0x0000, 0x0000, 0x0000, 0x0000, 0x0000, 0x0000, 0x0000, 0x0000,
0x0000, 0x0000, 0x0000, 0x0000, 0x0000, 0x0000, 0x0000, 0x0000, 0x0000, 0x0000, 0x0000, 0x0000,
0x0000, 0x0000, 0x0000, 0x0000, 0x0000, 0x0000, 0x0000, 0x0000, 0x0000, 0x0000, 0x0000, 0x0000,
0x0000, 0x0000, 0x0000, 0x0000, 0x0000, 0x0000, 0x0000, 0x0000, 0x0000, 0x0000, 0x0000, 0x0000,
0x0000, 0x0000, 0x0000, 0x0000, 0x0000, 0x0000, 0x0000, 0x0000, 0x0000, 0x0000, 0x0000, 0x0000,
0x0000, 0x0000, 0x0000, 0x0000, 0x0000, 0x0000, 0x0000, 0x0000, 0x0000, 0x0000, 0x0000, 0x0000,
0x0000, 0x0000, 0x0000, 0x0000, 0x0000, 0x0000, 0x0000, 0x0000, 0x0000, 0x0000, 0x0000, 0x0000,
0x0000, 0x0000, 0x0000, 0x0000, 0x0000, 0x0000, 0x0000, 0x0000, 0x0000, 0x0000, 0x0000, 0x0000,
0x0000, 0x0000, 0x0000, 0x0000, 0x0000, 0x0000, 0x0000, 0x0000, 0x0000, 0x0000, 0x0000, 0x0000,
0x0000, 0x0000, 0x0000, 0x0000, 0x0000, 0x0000, 0x0000, 0x0000, 0x0000, 0x0000, 0x0000, 0x0000,
0x0000, 0x0000, 0x0000, 0x0000, 0x0000, 0x0000, 0x0000, 0x0000, 0x0000, 0x0000, 0x0000, 0x0000,
0x0000, 0x0000, 0x0000, 0x0000, 0x0000, 0x0000, 0x0000, 0x0000, 0x0000, 0x0000, 0x0000, 0x0000,
0x0000, 0x0000, 0x0000, 0x0000, 0x0000, 0x0000, 0x0000, 0x0000, 0x0000, 0x0000, 0x0000, 0x0000,
0x0000, 0x0000, 0x0000, 0x0000, 0x0000, 0x0000, 0x0000, 0x0000, 0x0000, 0x0000, 0x0000, 0x0000,
0x0000, 0x0000, 0x0000, 0x0000, 0x0000, 0x0000, 0x0000, 0x0000, 0x0000, 0x0000, 0x0000, 0x0000,
0x0000, 0x0000, 0x0000, 0x0000, 0x0000, 0x0000, 0x0000, 0x0000, 0x0000, 0x0000, 0x0000, 0x0000,
0x0000, 0x0000, 0x0000, 0x0000, 0x0000, 0x0000, 0x0000, 0x0000, 0x0000, 0x0000, 0x0000, 0x0000,
0x0000, 0x0000, 0x0000, 0x0000, 0x0000, 0x0000, 0x0000, 0x0000, 0x0000, 0x0000, 0x0000, 0x0000,
0x0000, 0x0000, 0x0000, 0x0000, 0x0000, 0x0000, 0x0000, 0x0000, 0x0000, 0x0000, 0x0000, 0x0000,
0x0000, 0x0000, 0x0000, 0x0000, 0x0000, 0x0000, 0x0000, 0x0000, 0x0000, 0x0000, 0x0000, 0x0000,
0x0000, 0x0000, 0x0000, 0x0000, 0x0000, 0x0000, 0x0000, 0x0000, 0x0000, 0x0000, 0x0000, 0x0000,
0x0000, 0x0000, 0x0000, 0x0000, 0x0000, 0x0000, 0x0000, 0x0000, 0x0000, 0x0000, 0x0000, 0x0000,
0x0000, 0x0000, 0x0000, 0x0000, 0x0000, 0x0000, 0x0000, 0x0000, 0x0000, 0x0000, 0x0000, 0x0000,
0x0000, 0x0000, 0x0000, 0x0000, 0x0000, 0x0000, 0x0000, 0x0000, 0x0000, 0x0000, 0x0000, 0x0000,
0x0000, 0x0000, 0x0000, 0x0000, 0x0000, 0x0000, 0x0000, 0x0000, 0x0000, 0x0000, 0x0000, 0x0000,
0x0000, 0x0000, 0x0000, 0x0000, 0x0000, 0x0000, 0x0000, 0x0000, 0x0000, 0x0000, 0x0000, 0x0000,
0x0000, 0x0000, 0x0000, 0x0000, 0x0000, 0x0000, 0x0000, 0x0000, 0x0000, 0x0000, 0x0000, 0x0000,
0x0000, 0x0000, 0x0000, 0x0000, 0x0000, 0x0000, 0x0000, 0x0000, 0x0000, 0x0000, 0x0000, 0x0000,
0x0000, 0x0000, 0x0000, 0x0000, 0x0000, 0x0000, 0x0000, 0x0000, 0x0000, 0x0000, 0x0000, 0x0000,
0x0000, 0x0000, 0x0000, 0x0000, 0x0000, 0x0000, 0x0000, 0x0000, 0x0000, 0x0000, 0x0000, 0x0000,
0x0000, 0x0000, 0x0000, 0x0000, 0x0000, 0x0000, 0x0000, 0x0000, 0x0000, 0x0000, 0x0000, 0x0000,
0x0000, 0x0000, 0x0000, 0x0000, 0x0000, 0x0000, 0x0000, 0x0000, 0x0000, 0x0000, 0x0000, 0x0000,
0x0000, 0x0000, 0x0000, 0x0000, 0x0000, 0x0000, 0x0000, 0x0000, 0x0000, 0x0000, 0x0000, 0x0000,
0x0000, 0x0000, 0x0000, 0x0000, 0x0000, 0x0000, 0x0000, 0x0000, 0x0000, 0x0000, 0x0000, 0x0000,
0x0000, 0x0000, 0x0000, 0x0000, 0x0000, 0x0000, 0x0000, 0x0000, 0x0000, 0x0000, 0x0000, 0x0000,
0x0000, 0x0000, 0x0000, 0x0000, 0x0000, 0x0000, 0x0000, 0x0000, 0x0000, 0x0000, 0x0000, 0x0000,
0x0000, 0x0000, 0x0000, 0x0000, 0x0000, 0x0000, 0x0000, 0x0000, 0x0000, 0x0000, 0x0000, 0x0000,
0x0000, 0x0000, 0x0000, 0x0000, 0x0000, 0x0000, 0x0000, 0x0000, 0x0000, 0x0000, 0x0000, 0x0000,
0x0000, 0x0000, 0x0000, 0x0000,
};
